Region,1961,1962,1963,1964,1965,1966,1967,1968,1969,1970,1971,1972,1973,1974,1975,1976,1977,1978,1979,1980,1981,1982,1983,1984,1985,1986,1987,1988,1989,1990,1991,1992,1993,1994,1995,1996,1997,1998,1999,2000,2001,2002,2003,2004,2005,2006,2007
China,58340740.0,60690860.0,63942700.0,68462610.0,74747900.0,80445930.0,81718660.0,81474800.0,82195340.0,86542200.0,90085190.0,88668910.0,98613730.0,98786610.0,100902900.0,100068700.0,102256200.0,112352200.0,116862200.0,117802300.0,123609600.0,134887200.0,144335500.0,157689000.0,156197000.0,160571200.0,169315100.0,174290700.0,179084400.0,192616000.0,199926200.0,209312400.0,226179800.0,236648000.0,255004400.0,271766600.0,284542100.0,295117400.0,304490200.0,315511100.0,322771800.0,336394800.0,340623800.0,360834700.0,371939300.0,380320200.0,386448200.0
United States of America,89816580.0,90275010.0,93700380.0,94323650.0,97704050.0,97277180.0,101177900.0,103420600.0,104285200.0,102786400.0,111234700.0,111439800.0,113008600.0,110119400.0,117511000.0,120877500.0,126192700.0,126211800.0,133091500.0,127118400.0,139390800.0,139500900.0,119197600.0,136529200.0,143144600.0,136708300.0,136752700.0,126910100.0,138218400.0,144644000.0,143249500.0,155467400.0,142796300.0,164433800.0,152325500.0,162066800.0,167072000.0,167311700.0,170083400.0,173640200.0,170755800.0,167494400.0,172458200.0,183519100.0,181432900.0,176803000.0,184698800.0
India,50142680.0,50015760.0,51367730.0,52267720.0,49498330.0,49309560.0,52731470.0,55208160.0,56970870.0,60053830.0,61559940.0,58725260.0,63310020.0,61161410.0,67573710.0,66914630.0,72476440.0,75273500.0,71872960.0,74076420.0,79854310.0,79127070.0,88341420.0,90441380.0,93183620.0,93067530.0,92052060.0,102021900.0,109289000.0,109854700.0,110870700.0,115959300.0,119014000.0,123259200.0,126802000.0,132327200.0,134052000.0,137406600.0,143567200.0,142989200.0,147351100.0,137112300.0,151552000.0,149552600.0,156869200.0,164974800.0,175747700.0
USSR,72768810.0,73961920.0,70531000.0,81216890.0,80941960.0,90781310.0,92659220.0,98507460.0,93745540.0,100571500.0,101134000.0,96571510.0,112866600.0,107019900.0,101590100.0,110860100.0,111201700.0,118495100.0,110892400.0,107927700.0,104772600.0,111172200.0,115414900.0,114809500.0,114891200.0,122372300.0,121626500.0,121102700.0,125996600.0,126241300.0,111884500.0,0.0,0.0,0.0,0.0,0.0,0.0,0.0,0.0,0.0,0.0,0.0,0.0,0.0,0.0,0.0,0.0
Brazil,16564600.0,17344940.0,17443010.0,17658130.0,20367240.0,19238750.0,20650260.0,21256810.0,22008700.0,22533890.0,23583120.0,24726620.0,24599650.0,26386030.0,27173810.0,28353660.0,30125560.0,29605350.0,31451560.0,34909200.0,36180910.0,36635890.0,36707840.0,38756650.0,42469060.0,40969750.0,44823570.0,46291220.0,48140150.0,45956520.0,48781430.0,51768700.0,52008700.0,55538480.0,58603010.0,57776820.0,60006520.0,60706480.0,65353180.0,67416260.0,71250310.0,75603330.0,81198510.0,85626940.0,87363190.0,85319580.0,90075170.0
France,23408500.0,26654000.0,25202710.0,25321080.0,26780910.0,25447410.0,27156150.0,28165500.0,26664590.0,28293850.0,28380690.0,28244560.0,30877850.0,30775730.0,29088000.0,29122940.0,28473830.0,30657640.0,32990410.0,33203840.0,32392090.0,34577530.0,33070830.0,35548380.0,34943830.0,34515950.0,35539910.0,34906030.0,34703740.0,35135860.0,34853330.0,36502890.0,34503340.0,34601140.0,35418700.0,37320910.0,37540180.0,37902710.0,38125640.0,37449710.0,35782140.0,37868760.0,34763540.0,37570700.0,36169630.0,34776620.0,34377050.0
Germany,22077690.0,24241470.0,25340780.0,24843610.0,23988490.0,25236310.0,27208190.0,27321930.0,26233890.0,27169910.0,27006170.0,27067500.0,27570240.0,28400570.0,27420450.0,26662980.0,28103390.0,29128030.0,29655340.0,29194460.0,29303650.0,30622100.0,29675510.0,31695020.0,31764450.0,32786830.0,31590070.0,31752840.0,31521730.0,30774620.0,28943980.0,27972040.0,27446660.0,26758850.0,27516650.0,28291520.0,28287210.0,28969080.0,29794080.0,30055110.0,29948860.0,29032560.0,27700560.0,30391720.0,29285100.0,28460270.0,28778000.0
Italy,18638310.0,19289340.0,18918070.0,19893760.0,20564500.0,21158350.0,22352040.0,21546680.0,22380610.0,22301020.0,22070850.0,20918060.0,22796650.0,23012600.0,23294800.0,22575690.0,22837840.0,23545130.0,25244510.0,26183830.0,25134760.0,24632600.0,27055170.0,25190830.0,24918630.0,25277550.0,26126710.0,24599590.0,25172820.0,23741890.0,25914520.0,26403000.0,25392360.0,25257520.0,24944800.0,25775340.0,25217840.0,25574600.0,26866340.0,26136650.0,25580200.0,24916050.0,23984610.0,26710580.0,26063090.0,24948040.0,24706710.0
Argentina,11950390.0,12519320.0,13694660.0,12918230.0,12247380.0,13410430.0,14588430.0,13747960.0,14798930.0,14611240.0,13789590.0,13656770.0,14271120.0,15155270.0,15587970.0,17053670.0,16936890.0,18231820.0,18336400.0,16866610.0,18083840.0,18800410.0,18228670.0,18875440.0,18897030.0,19229670.0,18434930.0,19070680.0,17608890.0,19775220.0,20034040.0,20229030.0,20067390.0,21557130.0,22544730.0,23231670.0,23827910.0,25495380.0,26567310.0,26422920.0,26443270.0,25764360.0,27464940.0,27948600.0,30800780.0,30957870.0,33832140.0
Indonesia,7383684.0,8054871.0,7650931.0,8076970.0,7925503.0,8219212.0,7840406.0,9096512.0,9155070.0,9704501.0,10007550.0,10034870.0,10815040.0,11274650.0,11142450.0,11206520.0,11646970.0,12448370.0,12983760.0,14047620.0,15063670.0,14841610.0,16082280.0,17468570.0,17965220.0,18926660.0,19170230.0,20268510.0,21354870.0,22305680.0,22569510.0,24558050.0,24864060.0,25080400.0,27342810.0,27588090.0,26436480.0,26614870.0,26909240.0,27894050.0,28467300.0,30238130.0,32107000.0,34029230.0,35016270.0,36616890.0,38001410.0
Turkey,9801625.0,10152630.0,10635830.0,10758440.0,10655710.0,11494280.0,11808370.0,12217810.0,12081280.0,12632770.0,13523980.0,13760450.0,12705590.0,13881680.0,14766180.0,15901460.0,15923220.0,16564970.0,16787320.0,17088480.0,17333920.0,18036820.0,17733220.0,18896100.0,19080800.0,20394300.0,20321230.0,21640280.0,20396030.0,21952070.0,22097630.0,22109080.0,22368290.0,22162350.0,22582410.0,23843910.0,23608700.0,25683830.0,24585810.0,25741420.0,23852280.0,25274470.0,25622430.0,25972540.0,27326810.0,27359860.0,24751940.0
Poland,15955180.0,14575640.0,15858570.0,16558460.0,16230700.0,17338030.0,17925710.0,18545860.0,17634180.0,18507780.0,17281840.0,19066240.0,20340030.0,20435780.0,20163170.0,20975430.0,19442480.0,20934310.0,20898090.0,16945150.0,18853160.0,17821360.0,18547870.0,19731940.0,19705030.0,20834620.0,19963190.0,20066730.0,20507280.0,20883830.0,19190470.0,16670990.0,18839200.0,15737630.0,17025520.0,17571410.0,16622470.0,18018430.0,16790270.0,16667860.0,16822420.0,16241680.0,15780020.0,16989850.0,15971280.0,15254750.0,16159710.0
Spain,9798405.0,9825465.0,11420400.0,10645910.0,10643360.0,11695850.0,11024420.0,11850590.0,11820260.0,12532300.0,12858080.0,13751280.0,15174810.0,15269930.0,15379370.0,15140960.0,14705000.0,16496250.0,17422100.0,18126060.0,16494820.0,18256430.0,16981300.0,19358420.0,18762390.0,18579180.0,20581040.0,19126450.0,19930450.0,20923900.0,20085200.0,20463720.0,19624700.0,18805430.0,17564380.0,21996630.0,23343080.0,22973190.0,23004340.0,24674960.0,24536960.0,24967390.0,27096840.0,25909800.0,23251970.0,24936910.0,24697020.0
Pakistan,6247493.0,6589936.0,6897616.0,6982853.0,7333663.0,7425982.0,7964442.0,8546855.0,8791246.0,9049374.0,9328894.0,9532935.0,9703577.0,9921306.0,9994854.0,10232750.0,10883040.0,10876840.0,11744840.0,11933720.0,12517320.0,12997180.0,12760440.0,13961040.0,14740180.0,15989600.0,16586550.0,16883510.0,18089200.0,18821740.0,20434580.0,19935260.0,20932460.0,21625600.0,23629220.0,24078870.0,24494520.0,25426410.0,26559360.0,27203740.0,26504530.0,26896160.0,27873020.0,29998840.0,30915480.0,31452270.0,32780700.0
Mexico,6632554.0,7098856.0,7394225.0,8044878.0,8604104.0,9141114.0,9259961.0,9645997.0,9460885.0,9773528.0,10158240.0,10694120.0,11049430.0,11417320.0,11555780.0,11692620.0,12952340.0,13942730.0,13496350.0,14636060.0,15551310.0,15203850.0,15893430.0,15988200.0,16687200.0,17114680.0,17348270.0,16898020.0,16143390.0,17548020.0,17825260.0,17976760.0,18676690.0,19180150.0,20329250.0,20408980.0,20832860.0,21856590.0,22569680.0,22894310.0,24163380.0,23971430.0,24871430.0,25664420.0,25389600.0,26920430.0,27352720.0
Japan,11464360.0,12075860.0,12370320.0,12829560.0,13079980.0,13317230.0,14200990.0,14900470.0,14823950.0,14872590.0,14546180.0,15376980.0,15339770.0,15410760.0,15812720.0,15504470.0,16672540.0,16806560.0,17183120.0,16484530.0,16564920.0,17099270.0,17157780.0,17587860.0,17921040.0,18102140.0,18053410.0,17653000.0,17770570.0,17642930.0,17081080.0,17605220.0,16465050.0,17352270.0,16891700.0,16555490.0,16602400.0,15891260.0,16057900.0,15966290.0,15675830.0,15805000.0,15195870.0,15420280.0,15560370.0,15251330.0,15675560.0
Canada,8246525.0,9913775.0,10751080.0,10247080.0,11143530.0,12132990.0,10771270.0,11530410.0,11757430.0,11107490.0,12360550.0,11733140.0,11940390.0,11227190.0,12464040.0,13458130.0,13667930.0,14112960.0,13185010.0,13815080.0,14965520.0,15750480.0,15088370.0,14846700.0,15808800.0,16965070.0,16344980.0,14311970.0,15922290.0,17562310.0,17387550.0,17089270.0,17736310.0,18161790.0,18755400.0,19814550.0,19502670.0,20637670.0,21831780.0,21214910.0,19489430.0,18716170.0,20627140.0,22064310.0,23100910.0,22705380.0,22406180.0
United Kingdom,10620960.0,11154420.0,11093710.0,11375160.0,11698620.0,11478120.0,11905270.0,11835080.0,11848520.0,12465360.0,12714190.0,12870590.0,13073420.0,13484950.0,12693870.0,12593170.0,13668760.0,14160540.0,14363810.0,14839880.0,14540170.0,15438910.0,15330200.0,16395900.0,15722360.0,15899240.0,15699420.0,15408840.0,15627110.0,15944020.0,16087240.0,16319750.0,15815020.0,15890610.0,15974550.0,16044850.0,16010650.0,15955710.0,16012850.0,15596250.0,14418350.0,15385080.0,15023960.0,15074500.0,15110240.0,14872860.0,14484210.0
Russian Federation,0.0,0.0,0.0,0.0,0.0,0.0,0.0,0.0,0.0,0.0,0.0,0.0,0.0,0.0,0.0,0.0,0.0,0.0,0.0,0.0,0.0,0.0,0.0,0.0,0.0,0.0,0.0,0.0,0.0,0.0,0.0,52451890.0,49848680.0,43576320.0,40899970.0,39573030.0,40496260.0,33660100.0,34239960.0,36491620.0,39270080.0,40343930.0,39138310.0,40868700.0,41337530.0,42254980.0,43327360.0
Australia,8033542.0,9014986.0,9354546.0,9962123.0,9565166.0,10471870.0,9599631.0,11035060.0,10591420.0,11024270.0,11413960.0,11523210.0,12156700.0,11204490.0,12164080.0,12719660.0,12394160.0,14290070.0,13823970.0,12249840.0,13165920.0,12041240.0,14391670.0,13826500.0,13901700.0,14277520.0,14032100.0,14721290.0,14687200.0,15503990.0,15288220.0,16385300.0,16774110.0,15410470.0,17266830.0,18964080.0,14857710.0,15878820.0,16927100.0,16745620.0,17566780.0,13817750.0,16383540.0,15292520.0,16897590.0,13395980.0,12908520.0
Nigeria,6075942.0,6347033.0,6669741.0,6863586.0,7203534.0,6967724.0,7294506.0,7479340.0,8342537.0,9089145.0,8183097.0,7134640.0,7446746.0,8405778.0,7916338.0,7404716.0,7302373.0,7131084.0,7263866.0,7624896.0,7620355.0,7816920.0,7932862.0,8305553.0,8921032.0,9448897.0,9640249.0,11125380.0,12165510.0,13119980.0,14802250.0,15986230.0,16894600.0,17476800.0,18044410.0,18868420.0,19566450.0,20500290.0,21439170.0,21534080.0,21382220.0,22453390.0,23606080.0,24938550.0,26393220.0,28362860.0,25531080.0
Thailand,4480766.0,4802374.0,5134577.0,5028888.0,5178564.0,6081772.0,5468722.0,5868326.0,6270016.0,6528854.0,6523264.0,6331628.0,7479050.0,7314532.0,7998627.0,8516802.0,8550894.0,9953411.0,9343198.0,10157730.0,10417850.0,10377280.0,10969280.0,11284410.0,11855040.0,11120430.0,11271590.0,12596560.0,13128860.0,12210950.0,13464080.0,14159330.0,13806670.0,14397620.0,14682320.0,15073560.0,15301950.0,14928210.0,15302710.0,16175300.0,16637300.0,16794290.0,17657050.0,17643010.0,17599330.0,18135550.0,19123240.0
"Iran, Islamic Republic of",2997640.0,3098577.0,3067630.0,3158230.0,3509560.0,3665660.0,3693562.0,4053531.0,4149006.0,4243958.0,4216322.0,4711524.0,4876422.0,5169662.0,5278480.0,5740644.0,5728356.0,6016990.0,5807174.0,6048614.0,6937222.0,7610617.0,7631974.0,7924052.0,8448577.0,9259479.0,9301253.0,9021072.0,9013782.0,10769660.0,11113080.0,12244880.0,12831720.0,13214580.0,13604390.0,14335940.0,14724610.0,15252060.0,15516930.0,14837870.0,15821120.0,17274520.0,17978870.0,18122200.0,19334790.0,19697210.0,19077600.0
Netherlands,4700973.0,4877780.0,4875756.0,4977735.0,4823550.0,5023580.0,5538994.0,5725620.0,5799828.0,6313078.0,6505774.0,6461438.0,6744786.0,7208286.0,7173166.0,7332349.0,7569009.0,8061256.0,8330604.0,8543169.0,8887647.0,9219036.0,9161952.0,9613860.0,9662941.0,9946396.0,9804328.0,9718310.0,9603018.0,10021400.0,10036280.0,10807190.0,10484520.0,10254610.0,10341600.0,10580190.0,9759252.0,9803666.0,10457240.0,10323170.0,9780263.0,9733428.0,9268187.0,9778416.0,9562739.0,9341945.0,9604602.0
Bangladesh,5295969.0,5038676.0,5590852.0,5580048.0,5723440.0,5521954.0,6201514.0,6245589.0,6633538.0,6328336.0,5750025.0,5800522.0,6311260.0,5987804.0,6601500.0,6396518.0,6870558.0,7152150.0,7068288.0,7115878.0,7059524.0,7330482.0,7528034.0,7539692.0,7964840.0,8079153.0,7954646.0,7964638.0,8667214.0,8757583.0,8972578.0,9083779.0,9055439.0,8771408.0,9046736.0,9564537.0,9747980.0,10005110.0,11416140.0,12182620.0,11960260.0,12255760.0,12557040.0,12333640.0,13819160.0,13992360.0,14895640.0
Egypt,3361283.0,4024906.0,4121380.0,4193772.0,4253464.0,4285786.0,4191894.0,4611310.0,4916036.0,4906983.0,5021378.0,5109800.0,5173620.0,5198222.0,5275396.0,5464245.0,5372466.0,5555228.0,5875257.0,6026426.0,6026345.0,6268677.0,6363620.0,6398155.0,6796992.0,7207380.0,7506849.0,7344762.0,7476444.0,8858502.0,9121322.0,9733493.0,10139500.0,9937013.0,10795980.0,11921920.0,12405740.0,12385730.0,13157720.0,13779110.0,13552520.0,14134780.0,14823980.0,15297460.0,15595990.0,16187110.0,15572180.0
Viet Nam,3471556.0,3677532.0,3677420.0,3730614.0,3704797.0,3503607.0,3680028.0,3500005.0,3597451.0,3916292.0,4004515.0,4088902.0,4186385.0,4177436.0,3957618.0,4511848.0,4395064.0,4419956.0,4885884.0,5155984.0,5466580.0,6010140.0,6198992.0,6562768.0,6671950.0,6933599.0,6966240.0,7353360.0,7904314.0,8087147.0,8276188.0,8941537.0,9414285.0,9866571.0,10465230.0,11067680.0,11918430.0,12364230.0,13637780.0,14542320.0,15050940.0,16252900.0,16500120.0,17375800.0,17749050.0,18229570.0,18508340.0
Romania,5358930.0,5022678.0,5096700.0,5195636.0,5554329.0,6475309.0,6432919.0,6476186.0,6382016.0,5748592.0,6945520.0,7678710.0,7516590.0,7638836.0,7760704.0,9439710.0,9344454.0,9364763.0,9855217.0,9209490.0,9247199.0,10242260.0,9819655.0,10974080.0,10098890.0,9990820.0,9023668.0,9416116.0,8938531.0,8300410.0,8257331.0,7210316.0,8281534.0,8173410.0,8547422.0,8001661.0,8673126.0,7579040.0,8064977.0,6854658.0,8115171.0,7576160.0,8154127.0,9660056.0,8416459.0,8500574.0,6701473.0
Philippines,3351690.0,3604865.0,3745430.0,3802333.0,3842449.0,4005296.0,4050666.0,4123367.0,4347582.0,4527820.0,4702052.0,4660050.0,4910534.0,5352782.0,5818037.0,6251900.0,6398202.0,6599932.0,6802340.0,7031654.0,7266716.0,7460824.0,6939594.0,7032201.0,7122356.0,7654670.0,7519396.0,7518364.0,7913037.0,8587050.0,8491276.0,8712965.0,9094463.0,9280419.0,9453606.0,10192110.0,10411810.0,9642827.0,10414250.0,10806470.0,11245110.0,11640570.0,11942850.0,12662610.0,12865890.0,13317570.0,13820270.0
South Africa,3986965.0,4022348.0,4247542.0,4072050.0,4282544.0,4441374.0,5323129.0,4736680.0,4991970.0,4901770.0,5422428.0,5804708.0,5001835.0,6035906.0,5841130.0,5778866.0,6129624.0,6436080.0,6362414.0,6641875.0,7220540.0,6625072.0,5866214.0,6292600.0,6666356.0,6592410.0,6925609.0,7071710.0,7418462.0,7323116.0,7438382.0,6390306.0,7253786.0,7641252.0,6652483.0,7745650.0,7846064.0,7447887.0,7896166.0,8629690.0,8120437.0,8639721.0,8523970.0,8731273.0,9185002.0,8901272.0,8859281.0
Colombia,3135949.0,3391935.0,3364217.0,3491027.0,3568478.0,3580883.0,3650466.0,3829118.0,3908361.0,4096799.0,4254756.0,4310593.0,4363804.0,4605388.0,4998266.0,5280590.0,5425362.0,5652678.0,5848978.0,5891034.0,6129132.0,5902510.0,5799613.0,6022694.0,5957875.0,6233116.0,6363352.0,6747624.0,7105726.0,7611115.0,7843374.0,7718759.0,7703007.0,7835517.0,8372609.0,8290296.0,8356889.0,8327618.0,8609478.0,9043161.0,9245904.0,9439081.0,9542777.0,10094840.0,10343730.0,9124026.0,9015513.0
Ukraine,0.0,0.0,0.0,0.0,0.0,0.0,0.0,0.0,0.0,0.0,0.0,0.0,0.0,0.0,0.0,0.0,0.0,0.0,0.0,0.0,0.0,0.0,0.0,0.0,0.0,0.0,0.0,0.0,0.0,0.0,0.0,23588610.0,23882370.0,20169160.0,19751340.0,17675740.0,17824370.0,15668210.0,14778340.0,16019640.0,17432080.0,17880850.0,15923060.0,19036930.0,19062250.0,19040680.0,17751300.0
Hungary,3887535.0,3993613.0,4320800.0,4375565.0,4151457.0,4559906.0,4735496.0,4835372.0,5270970.0,4721897.0,5234039.0,5474735.0,5738726.0,5960464.0,6032345.0,5897632.0,6637232.0,6667842.0,6561773.0,7032382.0,6790350.0,7536462.0,7246687.0,7487486.0,7152572.0,7289255.0,7249414.0,7525075.0,7344995.0,6976140.0,7070728.0,5416706.0,4868319.0,5174296.0,5099446.0,5431439.0,5563966.0,5587154.0,5269462.0,5072476.0,5890144.0,5250396.0,4795492.0,6204852.0,5536952.0,5333134.0,5172544.0
"Korea, Republic of",2168330.0,2062573.0,2259366.0,2696948.0,2739309.0,2964199.0,2780728.0,2860955.0,3254249.0,3245010.0,3350687.0,3470012.0,3548387.0,3733176.0,4280010.0,4757356.0,5118125.0,5528060.0,5769188.0,4912492.0,5294112.0,5511584.0,5631274.0,5814604.0,5993786.0,6301976.0,6351544.0,6698502.0,6854736.0,6777641.0,6737252.0,7337598.0,7408788.0,7388854.0,7781191.0,8096922.0,8229456.0,8129010.0,8516403.0,8643941.0,8618274.0,8277861.0,8032148.0,8189003.0,8263098.0,8252889.0,8330830.0
New Zealand,3518831.0,3680832.0,3735158.0,3860104.0,3934959.0,4036296.0,4175514.0,4397643.0,4563946.0,4456584.0,4499864.0,4644500.0,4624478.0,4252992.0,4576035.0,5059478.0,4902658.0,4811847.0,4824800.0,5031202.0,5220674.0,5276006.0,5442990.0,5509778.0,5885699.0,5723823.0,5667486.0,5816184.0,5621289.0,5423508.0,5711786.0,5817321.0,5924559.0,6284291.0,6374297.0,6520025.0,6868766.0,6913563.0,6569196.0,7044062.0,7322110.0,7419142.0,7779510.0,8116276.0,7948335.0,8144942.0,8318573.0
Greece,3427934.0,3084512.0,3401255.0,3428417.0,3654674.0,3815508.0,3901372.0,3824621.0,3979216.0,4313226.0,4276594.0,4464379.0,4600536.0,5017100.0,5366583.0,5140995.0,5048396.0,5433208.0,5243228.0,5830744.0,6009796.0,6039859.0,5835240.0,6094151.0,6289716.0,6044277.0,5910179.0,6271276.0,6603357.0,5750312.0,6627400.0,6638234.0,6590333.0,6942314.0,6973170.0,6904355.0,6622714.0,6579212.0,7054085.0,7124035.0,7097284.0,6889500.0,6287810.0,6768302.0,6862724.0,6127800.0,5986194.0
Myanmar,2412070.0,2728966.0,2863719.0,2949201.0,2895951.0,2526197.0,2795284.0,2979730.0,2961719.0,3070049.0,3160826.0,3011510.0,3260031.0,3276116.0,3408569.0,3466406.0,3594089.0,3903900.0,3964726.0,4563325.0,4945471.0,5187922.0,5331090.0,5482597.0,5648686.0,5646467.0,5468355.0,5285389.0,5043901.0,5123794.0,5036927.0,5524913.0,6122918.0,6446486.0,6673369.0,6937808.0,6862558.0,7095084.0,7879814.0,8478175.0,9199880.0,9517743.0,10256910.0,11014100.0,11507430.0,12560150.0,13317780.0
Yugoslav SFR,5008954.0,5175146.0,5524450.0,5677906.0,5292175.0,6227019.0,6218076.0,6211004.0,6775918.0,6094208.0,6616988.0,6542904.0,6976263.0,7365221.0,7254062.0,7664764.0,8015190.0,7661412.0,8097558.0,8139596.0,8289980.0,8968260.0,8801851.0,8899854.0,8184036.0,8960355.0,8538230.0,8152902.0,8667446.0,7901512.0,9022388.0,0.0,0.0,0.0,0.0,0.0,0.0,0.0,0.0,0.0,0.0,0.0,0.0,0.0,0.0,0.0,0.0
Denmark,3800428.0,3833062.0,3823419.0,3910496.0,3876938.0,3828573.0,3816352.0,3850172.0,3699495.0,3604020.0,3640216.0,3621876.0,3679429.0,3888188.0,3773234.0,3739907.0,4034563.0,4113764.0,4254122.0,4226446.0,4288924.0,4497426.0,4389253.0,4854304.0,4760084.0,4857936.0,4607852.0,4705594.0,4867781.0,5122251.0,5073089.0,4863790.0,5229088.0,5031342.0,5213862.0,5220778.0,5325540.0,5424762.0,5350624.0,5364782.0,5367763.0,5349083.0,5424720.0,5525348.0,5513338.0,5423242.0,5439924.0
Malaysia,1182611.0,1204312.0,1265997.0,1279135.0,1391516.0,1426822.0,1479949.0,1671813.0,1864450.0,1953032.0,2052010.0,2122386.0,2282660.0,2433558.0,2550402.0,2728086.0,2741866.0,2751150.0,3054311.0,3144998.0,3235412.0,3479726.0,3376011.0,3579924.0,3836371.0,4070557.0,4177670.0,4520833.0,4917982.0,5056229.0,5184259.0,5367670.0,5811908.0,5816958.0,6015994.0,6209547.0,6368308.0,6038796.0,6615322.0,6808394.0,7154724.0,7306392.0,7883666.0,8252596.0,8665074.0,9107870.0,9062208.0
Czechoslovakia,4601178.0,4374112.0,4793068.0,5055211.0,4415052.0,5131519.0,5344062.0,5766256.0,5536154.0,5508239.0,5610238.0,5872520.0,6207636.0,6314056.0,6154262.0,6001424.0,6397432.0,6554078.0,6258526.0,6527298.0,6421400.0,6730853.0,7009299.0,7399200.0,7243060.0,7212095.0,7217616.0,7504089.0,7643270.0,7489296.0,6957460.0,6419063.0,0.0,0.0,0.0,0.0,0.0,0.0,0.0,0.0,0.0,0.0,0.0,0.0,0.0,0.0,0.0
Bulgaria,2842766.0,3141124.0,3216790.0,3447606.0,3602988.0,4085568.0,3985902.0,3961081.0,4031563.0,3991824.0,4058626.0,4302511.0,4307742.0,4113880.0,4260121.0,4616898.0,4258170.0,4499528.0,4713624.0,4498807.0,4851591.0,5203022.0,4679188.0,5127831.0,4316796.0,4887825.0,4657097.0,4699186.0,4902724.0,4538842.0,4182673.0,3800744.0,3004276.0,3087547.0,3328384.0,2726414.0,3044198.0,2949328.0,2955136.0,2755716.0,2872349.0,2734345.0,2335778.0,2878446.0,2344120.0,2449538.0,1903401.0
Sudan,1778896.0,1909400.0,1946882.0,1807539.0,1867282.0,1882062.0,2173490.0,2000280.0,2255727.0,2384813.0,2475644.0,2534006.0,2478527.0,2853488.0,2830014.0,2733680.0,3009670.0,3073780.0,2924194.0,3063671.0,3414139.0,3025268.0,3193590.0,2844424.0,3347161.0,3252408.0,3033560.0,3453928.0,2962632.0,2892502.0,3443923.0,3869699.0,3567997.0,4225694.0,4374290.0,4816070.0,4795743.0,4937629.0,4978894.0,5155627.0,5742357.0,5725712.0,6216678.0,5973474.0,6205316.0,6674158.0,6572214.0
Austria,2837223.0,2808626.0,2996174.0,3093448.0,2682426.0,2957412.0,3141488.0,3278725.0,3201881.0,3172524.0,3115160.0,3031789.0,3146270.0,3202611.0,3234976.0,3288884.0,3203244.0,3339576.0,3350429.0,3517588.0,3394647.0,3780050.0,3544717.0,3669092.0,3538321.0,3556990.0,3517684.0,3661247.0,3501451.0,3544209.0,3543852.0,3481263.0,3459376.0,3597422.0,3486595.0,3467814.0,3570986.0,3709911.0,3794298.0,3593537.0,3648850.0,3624272.0,3570196.0,3765559.0,3640685.0,3561270.0,3640646.0
Belgium-Luxembourg,3100848.0,3183065.0,3156997.0,3166560.0,3037895.0,3081970.0,3481232.0,3466616.0,3547489.0,3664880.0,3844624.0,3726790.0,3850682.0,4090867.0,3789547.0,3646083.0,3793641.0,3910421.0,3903728.0,3899518.0,3993212.0,4073273.0,3916120.0,4178899.0,4198388.0,4318856.0,4254868.0,4354833.0,4395918.0,4329764.0,4640028.0,4914115.0,5041229.0,4982207.0,5095211.0,5222747.0,5134453.0,5188698.0,5274019.0,0.0,0.0,0.0,0.0,0.0,0.0,0.0,0.0
Uganda,1792407.0,1791975.0,1992587.0,2055622.0,1792374.0,1873830.0,2173647.0,2325345.0,2621974.0,3296234.0,3209114.0,3264832.0,3316712.0,3497280.0,3684034.0,3408038.0,3428035.0,3465190.0,2515431.0,2438005.0,2608996.0,2860508.0,2987866.0,2821816.0,2895880.0,2890945.0,3038070.0,3186793.0,3386467.0,3527685.0,3624850.0,3575653.0,3800984.0,3826570.0,3989584.0,3921844.0,3962201.0,4232200.0,4424356.0,4510955.0,4749970.0,4977932.0,4923764.0,4920374.0,4832856.0,4732500.0,4808482.0
Chile,1740947.0,1811248.0,1835588.0,1829372.0,1786379.0,1997146.0,2013424.0,2139335.0,1978556.0,2097630.0,2113187.0,1994679.0,1814334.0,2114644.0,2190518.0,2163556.0,2344422.0,2278097.0,2464598.0,2511882.0,2687692.0,2663050.0,2515796.0,2647198.0,2651193.0,2779626.0,2908169.0,3093660.0,3331059.0,3525254.0,3624348.0,3804123.0,4009068.0,4273877.0,4507011.0,4626324.0,4639158.0,4755052.0,4690276.0,4860171.0,5211530.0,5236356.0,5342625.0,5554601.0,5873200.0,5891752.0,5718236.0
Morocco,1345720.0,1584064.0,1703285.0,1765678.0,1909848.0,1687080.0,1758569.0,2418194.0,1965343.0,2032889.0,2325311.0,2231048.0,2072593.0,2354294.0,2137745.0,2379528.0,1991892.0,2405940.0,2498333.0,2479370.0,2227736.0,2750243.0,2504786.0,2595024.0,2866510.0,3464081.0,3232260.0,3884270.0,4230270.0,3962119.0,4514447.0,3490147.0,3502994.0,4468591.0,3126607.0,4871804.0,4159967.0,4713258.0,4351830.0,4011567.0,4369830.0,4724158.0,5461481.0,5585248.0,5196862.0,6068929.0,5005480.0
Ireland,2012922.0,1972534.0,1966425.0,1960094.0,1943987.0,2010674.0,2268380.0,2277337.0,2239099.0,2229262.0,2445261.0,2338981.0,2299950.0,2512936.0,2843400.0,2619270.0,2935900.0,3080165.0,2974484.0,3195240.0,2847601.0,3073414.0,3206652.0,3456279.0,3476642.0,3542898.0,3476396.0,3371918.0,3300272.0,3618151.0,3650658.0,3680914.0,3668510.0,3604824.0,3659256.0,3743130.0,3652325.0,3753184.0,3989964.0,3851951.0,3802674.0,3687101.0,3750633.0,3823150.0,3732342.0,3689534.0,3629275.0
Peru,1660129.0,1730573.0,1725425.0,1856949.0,1896342.0,2030868.0,2048552.0,1948134.0,2111209.0,2260655.0,2319778.0,2198067.0,2203659.0,2294096.0,2304114.0,2286406.0,2310678.0,2238695.0,2273503.0,2153290.0,2390964.0,2475304.0,2267179.0,2475593.0,2545239.0,2639645.0,2842512.0,3031802.0,2935430.0,2678536.0,2774126.0,2605578.0,2816252.0,3188337.0,3431510.0,3760452.0,4013582.0,4044555.0,4634952.0,4906281.0,4976772.0,5256894.0,5401419.0,5470933.0,5949154.0,6362304.0,6507687.0
Portugal,2399998.0,2679394.0,2792918.0,2666164.0,2871155.0,2334148.0,2713483.0,2691067.0,2577498.0,2828030.0,2493118.0,2543336.0,2678655.0,2847999.0,2628919.0,2533233.0,2302812.0,2386960.0,2864529.0,2620116.0,2435200.0,2834665.0,2439346.0,2638749.0,2700706.0,2800426.0,3076304.0,2475951.0,3059172.0,3293476.0,3423428.0,3089280.0,2946165.0,3076634.0,3271102.0,3392053.0,3179040.0,3120527.0,3488330.0,3359401.0,3214774.0,3358433.0,3149852.0,3410575.0,3185973.0,3316219.0,3206550.0
"Venezuela, Bolivarian Republic of",1089290.0,1122562.0,1182825.0,1281145.0,1362755.0,1439629.0,1512431.0,1555104.0,1682642.0,1781736.0,1808922.0,1799921.0,1898420.0,1961726.0,2109753.0,2026986.0,2221425.0,2330572.0,2423559.0,2549366.0,2593510.0,2654874.0,2738848.0,2704256.0,2899400.0,2994459.0,2980908.0,3228921.0,3109006.0,3274044.0,3341162.0,3436882.0,3562972.0,3521740.0,3536137.0,3727020.0,3962642.0,3987003.0,4134546.0,4410846.0,4580726.0,4478663.0,4278560.0,4155160.0,4605470.0,4572113.0,4701715.0
Syrian Arab Republic,971692.0,1297812.0,1221667.0,1350058.0,1335931.0,1102336.0,1288522.0,1259152.0,1351922.0,1120053.0,1251702.0,1603471.0,1117914.0,1715248.0,1783131.0,2013272.0,1896393.0,2170540.0,2016148.0,2642802.0,2740118.0,2852136.0,2867524.0,2573440.0,2755329.0,2935203.0,2565375.0,3373371.0,2469294.0,2898623.0,2988796.0,3503754.0,3223409.0,3405437.0,3673732.0,4080348.0,3795052.0,4548737.0,3816322.0,4333646.0,4505278.0,4824666.0,4801438.0,5081870.0,5164386.0,5678098.0,5062238.0
Sweden,2604352.0,2615670.0,2614808.0,2669314.0,2627178.0,2453898.0,2605038.0,2638223.0,2380589.0,2502318.0,2497064.0,2509464.0,2462326.0,2813091.0,2613694.0,2728995.0,2752844.0,2821784.0,2802677.0,2822259.0,2915943.0,3009526.0,2955917.0,3214918.0,3027950.0,2958759.0,2673078.0,2735421.0,2933044.0,3047405.0,2592730.0,2495628.0,2815921.0,2664129.0,2684210.0,2831082.0,2886027.0,2847560.0,2758146.0,2804991.0,2760632.0,2760161.0,2718450.0,2820656.0,2705250.0,2557535.0,2665552.0
"Congo, Democratic Republic of",1765428.0,1782812.0,1793419.0,1805407.0,1801611.0,1824812.0,1889289.0,1991704.0,2036032.0,2115106.0,2117517.0,2161023.0,2227815.0,2278808.0,2334737.0,2367614.0,2383279.0,2308004.0,2429765.0,2533224.0,2573088.0,2705555.0,2779465.0,2851910.0,2950312.0,3012162.0,3084191.0,3171928.0,3271068.0,3406574.0,3466348.0,3537350.0,3551847.0,3612184.0,3047699.0,3026364.0,2926975.0,2961580.0,2886474.0,2827908.0,2771028.0,2715854.0,2730781.0,2744285.0,2751578.0,2909836.0,2734578.0
"Tanzania, United Republic of",1216270.0,1257883.0,1380618.0,1389382.0,1445203.0,1621216.0,1586663.0,1547744.0,1613630.0,1705945.0,1699246.0,1718861.0,1800173.0,1818420.0,2000897.0,2115428.0,2240249.0,2289952.0,2397653.0,2272288.0,2356570.0,2435346.0,2534817.0,2624536.0,2727846.0,2828548.0,2831753.0,2784201.0,2945035.0,2949380.0,3041356.0,2913864.0,2922159.0,2801732.0,3127755.0,3163922.0,2974608.0,3220360.0,3309206.0,3223898.0,3598870.0,4336190.0,3537116.0,4534062.0,4332960.0,4591352.0,4532620.0
Kenya,1083843.0,1128866.0,1129384.0,1168666.0,1207051.0,1216713.0,1256431.0,1341829.0,1397440.0,1427814.0,1456337.0,1533726.0,1598333.0,1607984.0,1662038.0,1814574.0,2001833.0,2020649.0,2098170.0,2022445.0,2018665.0,2264221.0,2324014.0,2159367.0,2462532.0,2696962.0,2727976.0,2962403.0,3128602.0,3069948.0,3163141.0,3289679.0,3198682.0,3278389.0,3339229.0,3200461.0,3285459.0,3474478.0,3721260.0,3458538.0,3831322.0,3995975.0,4129647.0,4169630.0,4253168.0,4731738.0,4944822.0
CÃ´te d'Ivoire,852070.0,880386.0,965050.0,1081721.0,1043432.0,1154422.0,1089508.0,1243213.0,1255406.0,1330118.0,1386870.0,1396187.0,1512323.0,1570792.0,1808464.0,1822685.0,1839182.0,1866673.0,2045202.0,2108712.0,2280789.0,2169736.0,2169420.0,2306324.0,2479024.0,2555826.0,2655962.0,2776285.0,2847118.0,3018129.0,2974978.0,3087958.0,3029380.0,3118270.0,3403906.0,3523364.0,3710448.0,3908148.0,3976372.0,4256019.0,4039459.0,4095718.0,4107680.0,4139352.0,4361078.0,4444564.0,4406562.0
"Korea, Democratic People's Republic of",1275829.0,1332186.0,1403597.0,1463449.0,1387466.0,1464336.0,1435397.0,1442328.0,1589012.0,1618931.0,1717947.0,1737458.0,1865502.0,1979398.0,2105680.0,2203438.0,2316841.0,2386190.0,2469069.0,2447318.0,2611455.0,2451205.0,2554886.0,2710384.0,2795381.0,2954416.0,3002542.0,3043094.0,3144920.0,3186174.0,3724852.0,3556461.0,3389712.0,3069253.0,2356063.0,2162309.0,2206973.0,2652222.0,2692942.0,2699668.0,3023031.0,3072610.0,3139846.0,3177966.0,3240803.0,3200411.0,3104689.0
Cuba,2010763.0,1672841.0,1561901.0,1687453.0,1961872.0,1745494.0,2067270.0,2078349.0,2005021.0,2791002.0,2192919.0,2083551.0,2157039.0,2263672.0,2189997.0,2322198.0,2513052.0,2719251.0,2863533.0,2622507.0,2861262.0,2954145.0,2886066.0,3134992.0,2982024.0,3016098.0,3026044.0,3169035.0,3283918.0,3258071.0,3021596.0,2661464.0,1974349.0,1980923.0,1874837.0,2193916.0,2108418.0,2005224.0,2317963.0,2683866.0,2669736.0,2741977.0,2763554.0,2859509.0,2361670.0,2046146.0,2126098.0
Ecuador,1247169.0,1282414.0,1297838.0,1501948.0,1604826.0,1536902.0,1481087.0,1559687.0,1542603.0,1560398.0,1539303.0,1480906.0,1504829.0,1648438.0,1668456.0,1685339.0,1779160.0,1707621.0,1717286.0,1806868.0,1825130.0,1813269.0,1608237.0,1805229.0,2001462.0,2024714.0,2107804.0,2275313.0,2308252.0,2439503.0,2539871.0,2714329.0,2814978.0,3098967.0,3066864.0,3325892.0,3521628.0,2961255.0,3382710.0,3410471.0,3604158.0,4121826.0,4185755.0,4463674.0,4380714.0,4375548.0,4354628.0
Algeria,1639496.0,1738226.0,1742950.0,1551149.0,1793427.0,1209707.0,1345804.0,1729201.0,1601248.0,1658379.0,1712433.0,1563786.0,1482694.0,1587569.0,1755595.0,1650689.0,1382466.0,1394996.0,1554904.0,1706639.0,1724088.0,1584964.0,1661411.0,1807181.0,2226068.0,2233818.0,2241221.0,2125791.0,2367970.0,2281441.0,2678231.0,2809210.0,2671924.0,2468289.0,2803817.0,3276477.0,2650918.0,3033235.0,3107780.0,2941046.0,3215132.0,3269373.0,3863700.0,4211766.0,4221735.0,4404404.0,4225072.0
Switzerland,1836849.0,1912782.0,1868043.0,1882437.0,1779212.0,1890625.0,2058900.0,2024452.0,2022078.0,2003495.0,2032908.0,1950490.0,2085885.0,2061076.0,2137024.0,2144010.0,2117776.0,2190940.0,2344489.0,2282030.0,2269486.0,2483173.0,2316674.0,2449245.0,2401795.0,2420394.0,2289497.0,2429834.0,2439164.0,2396663.0,2365574.0,2458914.0,2393981.0,2270468.0,2305271.0,2370224.0,2245250.0,2353629.0,2211848.0,2295421.0,2217252.0,2269564.0,2179456.0,2278451.0,2246519.0,2227222.0,2296145.0
Uzbekistan,0.0,0.0,0.0,0.0,0.0,0.0,0.0,0.0,0.0,0.0,0.0,0.0,0.0,0.0,0.0,0.0,0.0,0.0,0.0,0.0,0.0,0.0,0.0,0.0,0.0,0.0,0.0,0.0,0.0,0.0,0.0,6108074.0,6091261.0,5993312.0,6134386.0,5649640.0,5727801.0,5876270.0,5736388.0,5798140.0,5937952.0,6212672.0,6425712.0,7027284.0,7541384.0,7998895.0,8160758.0
Ethiopia PDR,2469614.0,2524160.0,2553252.0,2628910.0,2657660.0,2727466.0,2800284.0,2849288.0,2945647.0,3035503.0,2969313.0,2970146.0,2895546.0,2876038.0,2793980.0,2941859.0,2979626.0,2947960.0,3203640.0,3477360.0,3396467.0,3410168.0,3618042.0,3289223.0,3142950.0,3501867.0,3363625.0,3485064.0,3551737.0,3708370.0,3782282.0,3607598.0,0.0,0.0,0.0,0.0,0.0,0.0,0.0,0.0,0.0,0.0,0.0,0.0,0.0,0.0,0.0
Nepal,1086368.0,1098307.0,1117025.0,1135049.0,1173866.0,1133332.0,1160956.0,1197674.0,1237509.0,1276119.0,1286884.0,1250357.0,1365631.0,1393298.0,1455207.0,1437131.0,1429596.0,1476803.0,1434325.0,1555919.0,1621357.0,1516145.0,1824744.0,1822613.0,1875489.0,1826116.0,2016051.0,2172869.0,2282710.0,2399236.0,2444682.0,2344019.0,2575190.0,2537637.0,2730890.0,2761260.0,2845413.0,2885852.0,3029450.0,3148865.0,3256462.0,3341389.0,3479916.0,3591379.0,3643084.0,3744654.0,3728903.0
Ghana,1114748.0,1129410.0,1152464.0,1303458.0,1173716.0,1192310.0,1311825.0,1274923.0,1377464.0,1425023.0,1483865.0,1450606.0,1467239.0,1646121.0,1569998.0,1405493.0,1233670.0,1216571.0,1267027.0,1283009.0,1270875.0,1184986.0,1188188.0,1530949.0,1507506.0,1606810.0,1641607.0,1691033.0,1833181.0,1521566.0,2255014.0,2218211.0,2411844.0,2283424.0,2616778.0,2830541.0,2778154.0,3052142.0,3251386.0,3293967.0,3413142.0,3771038.0,3893606.0,4039979.0,4209447.0,4240070.0,4119138.0
Kazakhstan,0.0,0.0,0.0,0.0,0.0,0.0,0.0,0.0,0.0,0.0,0.0,0.0,0.0,0.0,0.0,0.0,0.0,0.0,0.0,0.0,0.0,0.0,0.0,0.0,0.0,0.0,0.0,0.0,0.0,0.0,0.0,8965428.0,7781123.0,6762428.0,5256792.0,4887954.0,4719228.0,3731509.0,5042382.0,4839250.0,5705068.0,5826595.0,5873927.0,5750783.0,6165674.0,6617195.0,7229472.0
Afghanistan,1365296.0,1393857.0,1399596.0,1489104.0,1550441.0,1575538.0,1717742.0,1790886.0,1829964.0,1658073.0,1553439.0,1657400.0,1814677.0,1892543.0,1956970.0,2084133.0,1887578.0,1990109.0,1953669.0,1928668.0,1916415.0,1884044.0,1841872.0,1775966.0,1656288.0,1500417.0,1562225.0,1532319.0,1509873.0,1618635.0,1661747.0,1613963.0,1735804.0,1857878.0,1942334.0,2078803.0,2251692.0,2373424.0,2345362.0,1935142.0,1863022.0,2216530.0,2289434.0,2226346.0,2524097.0,2278516.0,2486910.0
Finland,1653322.0,1616652.0,1751997.0,1738520.0,1815651.0,1721578.0,1738158.0,1742773.0,1792782.0,1807203.0,1821329.0,1795328.0,1722746.0,1757411.0,1837149.0,1975884.0,1797276.0,1833938.0,1864413.0,1932606.0,1800175.0,1935792.0,2055259.0,2002353.0,1952660.0,1966143.0,1719312.0,1797632.0,1922130.0,2009493.0,1805985.0,1695172.0,1749856.0,1779892.0,1756174.0,1771936.0,1831445.0,1654960.0,1695964.0,1820493.0,1808751.0,1863401.0,1826462.0,1818560.0,1888589.0,1824150.0,1842028.0
Uruguay,1344982.0,1358586.0,1394822.0,1595724.0,1430426.0,1355708.0,1239916.0,1487257.0,1557877.0,1696081.0,1451549.0,1373853.0,1398862.0,1531084.0,1543902.0,1707369.0,1471268.0,1410101.0,1358302.0,1503746.0,1738538.0,1752547.0,1846027.0,1528847.0,1587468.0,1611426.0,1562963.0,1723220.0,1854664.0,1732708.0,1718297.0,1840725.0,1810888.0,1990669.0,2013792.0,2213267.0,2351985.0,2348935.0,2393053.0,2235947.0,2004011.0,2028680.0,2136387.0,2606173.0,2575774.0,2853867.0,2770230.0
Iraq,963716.0,1075061.0,931830.0,1034032.0,1094452.0,1132138.0,1232337.0,1334807.0,1358028.0,1310900.0,1354346.0,1629998.0,1315187.0,1337090.0,1321343.0,1534028.0,1548066.0,1642626.0,1513252.0,1599112.0,1622007.0,1845709.0,1711135.0,1847960.0,2268753.0,2161964.0,2000690.0,2098165.0,2214741.0,2425556.0,1653705.0,1786860.0,2082752.0,2048697.0,2053771.0,2123105.0,2062697.0,2218823.0,2094785.0,2015747.0,2339148.0,2692754.0,2158536.0,2184853.0,2425138.0,2579814.0,2190650.0
Belarus,0.0,0.0,0.0,0.0,0.0,0.0,0.0,0.0,0.0,0.0,0.0,0.0,0.0,0.0,0.0,0.0,0.0,0.0,0.0,0.0,0.0,0.0,0.0,0.0,0.0,0.0,0.0,0.0,0.0,0.0,0.0,5735914.0,6015988.0,5073675.0,4938725.0,5109217.0,4669640.0,4658320.0,4323610.0,4555456.0,4607170.0,4628676.0,4745842.0,5401156.0,5357820.0,5639002.0,5831730.0
Madagascar,1051015.0,1091367.0,1113948.0,1162681.0,1127340.0,1204837.0,1264206.0,1286585.0,1325242.0,1349713.0,1327755.0,1365656.0,1371230.0,1497550.0,1488345.0,1534825.0,1441443.0,1556854.0,1507138.0,1557822.0,1554070.0,1557415.0,1621628.0,1666820.0,1684171.0,1740384.0,1706898.0,1734190.0,1809809.0,1817747.0,1823556.0,1830805.0,1897099.0,1845618.0,1881294.0,1914492.0,1940482.0,1904378.0,1941904.0,1897711.0,1877749.0,1811513.0,1868664.0,1948752.0,2216514.0,2253466.0,2283556.0
Sri Lanka,988452.0,1035794.0,1084900.0,1141463.0,1086266.0,1094427.0,1194613.0,1238498.0,1227940.0,1280619.0,1274837.0,1252755.0,1244187.0,1335268.0,1402033.0,1410185.0,1437017.0,1497183.0,1714768.0,1821944.0,1751114.0,1654083.0,1813727.0,1761136.0,1808100.0,1793090.0,1592079.0,1688096.0,1604029.0,1734136.0,1679482.0,1627516.0,1773688.0,1886682.0,1936859.0,1772644.0,1822330.0,1842421.0,1902382.0,1949958.0,1891968.0,1925662.0,1978073.0,1894951.0,2066071.0,2103379.0,2077490.0
Cameroon,772530.0,828783.0,893231.0,941625.0,883750.0,920796.0,1016987.0,1064335.0,1055817.0,1146724.0,1183780.0,1241277.0,1261278.0,1360183.0,1350505.0,1296126.0,1332374.0,1326766.0,1357682.0,1379200.0,1399611.0,1446335.0,1442284.0,1451639.0,1542437.0,1662948.0,1478029.0,1567741.0,1602935.0,1632858.0,1693288.0,1701592.0,1761788.0,1854365.0,1956325.0,2070316.0,1989058.0,2131736.0,2224249.0,2262375.0,2307384.0,2343629.0,2460911.0,2468188.0,2579030.0,2515294.0,2484636.0
Paraguay,597973.0,606811.0,621759.0,683336.0,742136.0,699606.0,726278.0,748368.0,759642.0,813034.0,795328.0,812017.0,819189.0,890400.0,881152.0,960704.0,1140341.0,1143826.0,1166075.0,1173599.0,1277413.0,1311104.0,1373651.0,1500616.0,1668499.0,1465605.0,1579934.0,1880177.0,2054876.0,2100413.0,2006498.0,1988917.0,2053422.0,1865077.0,2084068.0,2035150.0,2142118.0,2239737.0,2289352.0,2175952.0,2478070.0,2465525.0,2725212.0,2799564.0,2758972.0,2881122.0,3395515.0
Ethiopia,0.0,0.0,0.0,0.0,0.0,0.0,0.0,0.0,0.0,0.0,0.0,0.0,0.0,0.0,0.0,0.0,0.0,0.0,0.0,0.0,0.0,0.0,0.0,0.0,0.0,0.0,0.0,0.0,0.0,0.0,0.0,0.0,3298674.0,3344923.0,3701851.0,4235374.0,4246216.0,4071827.0,4305070.0,4552412.0,4963440.0,5099374.0,5239578.0,5587543.0,6090913.0,6230050.0,6237402.0
Tunisia,611561.0,679353.0,853419.0,822729.0,800932.0,667363.0,727209.0,725666.0,624774.0,782621.0,1060250.0,918889.0,1078220.0,1092373.0,1297266.0,1101359.0,1158509.0,1085138.0,1063120.0,1277714.0,1181426.0,1064726.0,1340099.0,1251637.0,1500543.0,1358007.0,1559329.0,1154788.0,1413485.0,1734132.0,2177171.0,1841040.0,2011742.0,1482378.0,1478120.0,2506434.0,1747020.0,2180515.0,2413270.0,2068202.0,1875284.0,1857832.0,2684590.0,2340134.0,2511353.0,2489916.0,2536404.0
Israel,554208.0,595373.0,617105.0,714721.0,729016.0,738851.0,847126.0,872991.0,896828.0,924499.0,1026763.0,1114825.0,1120920.0,1182872.0,1198401.0,1261486.0,1301896.0,1339144.0,1328966.0,1341874.0,1367227.0,1471847.0,1538458.0,1506157.0,1526833.0,1431357.0,1528604.0,1445710.0,1453512.0,1613746.0,1430247.0,1519699.0,1528559.0,1561930.0,1691965.0,1716554.0,1694390.0,1717109.0,1682365.0,1844336.0,1879224.0,2005668.0,1970057.0,2095738.0,2071656.0,2051947.0,1782550.0
Guatemala,527820.0,575646.0,639153.0,682023.0,702678.0,709173.0,695671.0,788064.0,813371.0,839641.0,841774.0,928865.0,988026.0,1051166.0,1051809.0,1095459.0,1185612.0,1208909.0,1180371.0,1228742.0,1223181.0,1205076.0,1162476.0,1196909.0,1215959.0,1230690.0,1245533.0,1307457.0,1427053.0,1515683.0,1515005.0,1565850.0,1575306.0,1603113.0,1706104.0,1781951.0,1865776.0,1930873.0,1935826.0,1986044.0,1988619.0,2040129.0,2075686.0,2097301.0,2350726.0,2356004.0,2531094.0
Saudi Arabia,243481.0,239121.0,243407.0,248747.0,265296.0,268707.0,281022.0,248330.0,292564.0,320838.0,439200.0,277208.0,340207.0,481383.0,520416.0,455201.0,517631.0,511986.0,567249.0,567956.0,575277.0,781609.0,934599.0,1199203.0,1410355.0,1521265.0,1668564.0,1823755.0,1864679.0,2005293.0,2054599.0,2147535.0,2162212.0,2150371.0,1993534.0,1903141.0,2130391.0,2177741.0,2088115.0,2176676.0,2352570.0,2375348.0,2445848.0,2622814.0,2672701.0,2634822.0,2658350.0
Dominican Republic,802237.0,814668.0,812372.0,837344.0,760896.0,810898.0,800095.0,793627.0,916118.0,956164.0,1011733.0,1038843.0,1114844.0,1111370.0,1071415.0,1182461.0,1171470.0,1231351.0,1208966.0,1205314.0,1223876.0,1276209.0,1331086.0,1324098.0,1276066.0,1274610.0,1325342.0,1336812.0,1396724.0,1341472.0,1355658.0,1363218.0,1377743.0,1338317.0,1295977.0,1360940.0,1386144.0,1390708.0,1284091.0,1330299.0,1444687.0,1494725.0,1585025.0,1600685.0,1676370.0,1850447.0,1827094.0
Serbia and Montenegro,0.0,0.0,0.0,0.0,0.0,0.0,0.0,0.0,0.0,0.0,0.0,0.0,0.0,0.0,0.0,0.0,0.0,0.0,0.0,0.0,0.0,0.0,0.0,0.0,0.0,0.0,0.0,0.0,0.0,0.0,0.0,3912954.0,3816350.0,4048194.0,4286974.0,4374972.0,4617149.0,4407685.0,4051548.0,3548585.0,4017601.0,3983220.0,3693490.0,4452510.0,4185668.0,0.0,0.0
Czech Republic,0.0,0.0,0.0,0.0,0.0,0.0,0.0,0.0,0.0,0.0,0.0,0.0,0.0,0.0,0.0,0.0,0.0,0.0,0.0,0.0,0.0,0.0,0.0,0.0,0.0,0.0,0.0,0.0,0.0,0.0,0.0,0.0,4387888.0,3841187.0,3965197.0,4026016.0,3856796.0,3905517.0,3930328.0,3788144.0,3925164.0,3712145.0,3314970.0,4005496.0,3701839.0,3431564.0,3558457.0
Bolivia,448124.0,462283.0,486460.0,495097.0,518945.0,538610.0,551257.0,588953.0,596884.0,644436.0,673436.0,735552.0,808758.0,817476.0,871219.0,886678.0,877167.0,883286.0,898719.0,979998.0,990911.0,999979.0,824274.0,968512.0,1083467.0,1064883.0,1107813.0,1165411.0,1198285.0,1288230.0,1323348.0,1275233.0,1352354.0,1454061.0,1591008.0,1663238.0,1712611.0,1757276.0,1773127.0,1888689.0,1932451.0,2025438.0,2112413.0,2096147.0,2219444.0,2201694.0,2207065.0
Zimbabwe,640644.0,679806.0,625430.0,740738.0,687546.0,765126.0,781475.0,653991.0,936798.0,776955.0,988307.0,1117550.0,939421.0,1130246.0,1075245.0,1190166.0,1136339.0,1133310.0,1066642.0,1096754.0,1172656.0,1095289.0,966135.0,1135811.0,1392261.0,1338857.0,1188960.0,1462177.0,1373427.0,1362169.0,1385008.0,1045449.0,1377297.0,1438692.0,1182232.0,1549116.0,1622773.0,1600578.0,1584843.0,1809718.0,1689634.0,1362327.0,1320254.0,1365581.0,1182491.0,1173315.0,1206647.0
Norway,999521.0,965821.0,1018708.0,957678.0,1006512.0,1013848.0,987403.0,1060236.0,1034582.0,1033523.0,1028300.0,1035077.0,1055996.0,1127256.0,1033564.0,1057158.0,1116796.0,1146304.0,1117773.0,1174493.0,1188772.0,1232775.0,1189242.0,1233782.0,1207376.0,1173379.0,1218363.0,1215752.0,1205922.0,1258025.0,1178173.0,1156967.0,1207438.0,1213274.0,1193215.0,1214179.0,1206306.0,1184587.0,1218938.0,1147841.0,1138243.0,1130737.0,1121288.0,1168407.0,1138315.0,1130694.0,1136170.0
Mali,534831.0,557056.0,576724.0,578783.0,609335.0,611905.0,653322.0,639126.0,699047.0,706845.0,705056.0,624235.0,569418.0,652170.0,758847.0,787531.0,782736.0,824952.0,844744.0,831440.0,913913.0,971321.0,951680.0,863887.0,943980.0,1024012.0,990113.0,1182332.0,1166772.0,1183498.0,1292724.0,1175407.0,1172528.0,1305060.0,1324924.0,1389673.0,1443298.0,1540903.0,1616092.0,1348725.0,1638836.0,1582636.0,1910279.0,1773178.0,1899154.0,1880960.0,1958393.0
Somalia,595168.0,615978.0,647436.0,673720.0,695070.0,727840.0,762467.0,798809.0,818097.0,842210.0,833207.0,881488.0,841416.0,806959.0,897126.0,913054.0,971067.0,1014415.0,1032910.0,1069153.0,1112899.0,1157232.0,1107683.0,1105046.0,1183979.0,1173685.0,1242999.0,1288798.0,1296899.0,1195774.0,979131.0,853999.0,956515.0,1093958.0,1117158.0,1143757.0,1192947.0,1176071.0,1171760.0,1196605.0,1177304.0,1210016.0,1234736.0,1252112.0,1269557.0,1228941.0,1220506.0
Papua New Guinea,537197.0,557594.0,571129.0,589008.0,601574.0,625963.0,639917.0,656708.0,682932.0,703497.0,719114.0,740959.0,750008.0,789382.0,802476.0,823370.0,834749.0,857656.0,868720.0,901064.0,914110.0,928508.0,963226.0,999968.0,1033932.0,1027230.0,1063792.0,1077630.0,1090514.0,1094571.0,1105719.0,1159463.0,1205197.0,1204314.0,1212009.0,1280161.0,1292325.0,1334407.0,1390186.0,1434227.0,1408237.0,1456998.0,1481163.0,1507501.0,1540814.0,1533322.0,1565024.0
Cambodia,811253.0,732966.0,876596.0,929394.0,870300.0,850984.0,901419.0,1087408.0,943990.0,1187981.0,935978.0,749415.0,550111.0,452094.0,521429.0,518545.0,483168.0,447536.0,324623.0,564636.0,542229.0,673221.0,720067.0,562908.0,717577.0,795164.0,753050.0,934428.0,972629.0,943405.0,935534.0,943245.0,971512.0,951912.0,1212425.0,1218494.0,1247830.0,1264856.0,1415224.0,1442194.0,1458013.0,1393084.0,1655040.0,1575525.0,2026187.0,2192330.0,2326693.0
Niger,494311.0,570875.0,600033.0,597323.0,605173.0,643931.0,698204.0,642868.0,696482.0,664519.0,684002.0,679594.0,494316.0,590379.0,550227.0,656890.0,763353.0,794679.0,802630.0,867897.0,852485.0,850794.0,849235.0,655692.0,694840.0,768372.0,700408.0,892094.0,848449.0,903526.0,994825.0,1022055.0,926503.0,1131478.0,1014858.0,1229957.0,1075794.0,1513643.0,1407300.0,1361508.0,1609584.0,1722766.0,1906298.0,1627682.0,1887050.0,2037728.0,2123490.0
Costa Rica,311994.0,319927.0,345462.0,353067.0,373920.0,389402.0,410214.0,458926.0,497841.0,525396.0,570542.0,579536.0,615548.0,600071.0,670430.0,700510.0,726886.0,734520.0,758900.0,753206.0,775280.0,723402.0,772989.0,811309.0,831293.0,850672.0,880662.0,911984.0,1035120.0,1125117.0,1184969.0,1231128.0,1226538.0,1284541.0,1350636.0,1404500.0,1413742.0,1494328.0,1556663.0,1574203.0,1597402.0,1549935.0,1600067.0,1565046.0,1689915.0,1749592.0,1845292.0
Mozambique,706214.0,731013.0,737699.0,785883.0,762371.0,780861.0,819185.0,899647.0,898946.0,940667.0,969666.0,1009822.0,1053510.0,1016779.0,943732.0,885822.0,861938.0,849779.0,850130.0,883644.0,894423.0,860099.0,804208.0,783487.0,776168.0,793034.0,780012.0,782570.0,806235.0,850512.0,762106.0,665041.0,757073.0,748399.0,892102.0,1012251.0,1087894.0,1172509.0,1205708.0,1098801.0,1167237.0,1242746.0,1279950.0,1374198.0,1427956.0,1478060.0,1330522.0
Malawi,362231.0,392941.0,384297.0,402594.0,434167.0,437231.0,498981.0,471588.0,487804.0,479513.0,570675.0,602211.0,628308.0,624367.0,621808.0,660773.0,733629.0,744910.0,740621.0,728056.0,760498.0,804786.0,765881.0,795132.0,802757.0,818607.0,815282.0,853364.0,851419.0,868995.0,949275.0,790742.0,1017576.0,814097.0,998164.0,1158546.0,1145431.0,1260771.0,1355282.0,1550988.0,1647032.0,1327789.0,1508940.0,1574969.0,1361994.0,1844334.0,2089588.0
Rwanda,406878.0,550449.0,386719.0,390855.0,438876.0,473418.0,582133.0,576488.0,608741.0,636358.0,649994.0,639271.0,670940.0,648980.0,723149.0,765538.0,797629.0,814067.0,868635.0,878235.0,966263.0,1003284.0,1002712.0,910705.0,1083610.0,1000752.0,1001276.0,982194.0,1107061.0,1058942.0,1190052.0,1265785.0,891690.0,611713.0,745219.0,826428.0,871633.0,972107.0,1062548.0,1131423.0,1089458.0,1356551.0,1242177.0,1236948.0,1315746.0,1324407.0,1318902.0
Burkina Faso,324354.0,361609.0,362879.0,400482.0,407775.0,413900.0,423554.0,456293.0,448482.0,450548.0,428618.0,411267.0,373112.0,427863.0,485188.0,444558.0,444688.0,493102.0,524063.0,485704.0,538106.0,546423.0,556037.0,568758.0,719464.0,827150.0,761102.0,868184.0,834929.0,853596.0,997174.0,1035588.0,1066437.0,1045107.0,1049499.0,1165304.0,1145675.0,1323588.0,1332893.0,1167991.0,1504933.0,1557056.0,1690912.0,1599459.0,1839755.0,1900438.0,1650517.0
Angola,603439.0,637740.0,629982.0,677578.0,704011.0,731579.0,757213.0,741275.0,790334.0,814807.0,833712.0,797059.0,824961.0,834054.0,761923.0,651473.0,628034.0,612249.0,581517.0,591893.0,561807.0,570397.0,576303.0,584099.0,589137.0,612200.0,616559.0,616825.0,612707.0,605723.0,637345.0,675243.0,667245.0,750571.0,745479.0,778443.0,777534.0,896389.0,858367.0,971418.0,1094608.0,1202062.0,1265442.0,1349471.0,1437680.0,1469607.0,1480803.0
Senegal,688034.0,657847.0,700809.0,748313.0,806920.0,674294.0,806814.0,668909.0,708887.0,548349.0,798296.0,538249.0,630667.0,822440.0,1026855.0,923189.0,547871.0,896888.0,646883.0,568979.0,852740.0,857457.0,582570.0,602829.0,745986.0,827059.0,922187.0,779811.0,877938.0,798495.0,832893.0,741713.0,819647.0,808981.0,905425.0,826222.0,762303.0,755587.0,1057205.0,1078203.0,1013350.0,651314.0,904356.0,909906.0,1052787.0,887341.0,793084.0
Honduras,345984.0,356289.0,361335.0,384635.0,394064.0,443295.0,496487.0,525057.0,540118.0,526672.0,569651.0,601090.0,587177.0,544512.0,494661.0,551431.0,598209.0,676122.0,650294.0,715630.0,751876.0,719754.0,683491.0,669907.0,687336.0,679509.0,745136.0,767348.0,792427.0,839641.0,836809.0,854037.0,878903.0,959838.0,952129.0,1055674.0,1050588.0,1049588.0,954262.0,1021140.0,1057726.0,1123145.0,1243636.0,1302976.0,1377065.0,1413814.0,1451887.0
Belgium,0.0,0.0,0.0,0.0,0.0,0.0,0.0,0.0,0.0,0.0,0.0,0.0,0.0,0.0,0.0,0.0,0.0,0.0,0.0,0.0,0.0,0.0,0.0,0.0,0.0,0.0,0.0,0.0,0.0,0.0,0.0,0.0,0.0,0.0,0.0,0.0,0.0,0.0,0.0,4958978.0,4706468.0,4944577.0,4784440.0,4937485.0,4693802.0,2744273.0,2787220.0
Guinea,424352.0,433548.0,411277.0,429734.0,426426.0,456987.0,477119.0,483207.0,479696.0,491744.0,510568.0,499079.0,506003.0,508547.0,519027.0,541911.0,547132.0,549537.0,572751.0,577818.0,579272.0,584239.0,591088.0,611683.0,615193.0,610295.0,619932.0,641997.0,692356.0,737677.0,779177.0,832931.0,844377.0,889949.0,898757.0,919163.0,956155.0,998124.0,1035236.0,1073958.0,1059389.0,1094423.0,1143365.0,1188161.0,1241213.0,1298149.0,1344908.0
Benin,296578.0,277422.0,277952.0,291998.0,301471.0,292137.0,329043.0,352316.0,343423.0,354224.0,362226.0,364201.0,371787.0,341801.0,343605.0,394930.0,388162.0,427409.0,451252.0,429797.0,420119.0,433193.0,441210.0,566834.0,572328.0,618117.0,535813.0,647630.0,668978.0,723891.0,791726.0,802428.0,897007.0,914492.0,1019108.0,1118554.0,1170493.0,1196584.0,1217967.0,1317828.0,1313235.0,1428836.0,1456466.0,1541072.0,1478023.0,1373176.0,1339237.0
Chad,463999.0,506020.0,539567.0,525529.0,509570.0,524989.0,509325.0,560128.0,539053.0,507914.0,507941.0,481545.0,460773.0,484843.0,524144.0,521310.0,525688.0,553723.0,533102.0,543627.0,515151.0,540721.0,586899.0,477192.0,568513.0,574049.0,590256.0,665539.0,670991.0,662499.0,772854.0,757491.0,644120.0,787082.0,811055.0,871020.0,984190.0,1051063.0,980199.0,923656.0,1074832.0,1062499.0,1091318.0,1090204.0,1183323.0,1142293.0,1044872.0
Lebanon,296024.0,288612.0,317973.0,347538.0,346820.0,351687.0,405220.0,395992.0,345073.0,383599.0,427497.0,467090.0,430404.0,498201.0,392950.0,345732.0,353429.0,428335.0,473390.0,538391.0,495054.0,566104.0,545162.0,542399.0,580631.0,624484.0,706543.0,719255.0,755719.0,810916.0,923391.0,959013.0,929204.0,966632.0,1039308.0,1073744.0,969314.0,920197.0,922979.0,939521.0,866692.0,934279.0,913524.0,980776.0,940069.0,937694.0,939265.0
El Salvador,402249.0,428280.0,476405.0,476623.0,497867.0,483869.0,479774.0,460617.0,499205.0,508357.0,557296.0,571878.0,594005.0,648387.0,683128.0,650369.0,672675.0,753107.0,756872.0,730359.0,659356.0,624196.0,622347.0,655981.0,653258.0,626175.0,601106.0,614303.0,628858.0,660017.0,689658.0,753472.0,708596.0,675774.0,686722.0,704843.0,727109.0,717001.0,769518.0,765468.0,743987.0,732945.0,714222.0,748768.0,785860.0,817486.0,868343.0
Nicaragua,332600.0,382173.0,425308.0,489777.0,538650.0,526394.0,568798.0,577425.0,591375.0,582382.0,605376.0,643466.0,654789.0,730638.0,758021.0,774024.0,807827.0,863700.0,878272.0,526758.0,592725.0,603583.0,607299.0,634807.0,566969.0,531261.0,496815.0,473318.0,493477.0,504408.0,512414.0,526245.0,525328.0,536616.0,567914.0,582046.0,597084.0,620618.0,701746.0,796711.0,792252.0,816338.0,920979.0,891912.0,990123.0,964675.0,983165.0
Haiti,483532.0,480333.0,496480.0,507336.0,519349.0,523352.0,539965.0,542224.0,556804.0,575845.0,591223.0,605198.0,643025.0,619368.0,632970.0,645101.0,637948.0,659856.0,685997.0,684615.0,682387.0,698583.0,719431.0,723666.0,727195.0,722804.0,706343.0,694410.0,691433.0,660045.0,654536.0,634421.0,622468.0,624860.0,600788.0,617339.0,633926.0,624557.0,639765.0,673831.0,647143.0,662112.0,668537.0,660527.0,671654.0,653981.0,656761.0
Mongolia,520253.0,505309.0,464305.0,476838.0,506392.0,529539.0,550342.0,502511.0,498338.0,525549.0,528553.0,542868.0,568642.0,598156.0,670397.0,628736.0,596530.0,654280.0,648612.0,615661.0,634283.0,670853.0,710439.0,687086.0,707390.0,755955.0,723810.0,711286.0,754218.0,735446.0,762745.0,670031.0,602010.0,561999.0,590561.0,651243.0,627125.0,689272.0,755293.0,731973.0,569702.0,533500.0,460505.0,537017.0,510608.0,539377.0,543904.0
Burundi,418651.0,417061.0,415081.0,457978.0,456667.0,460071.0,483160.0,493848.0,490182.0,502306.0,517246.0,472330.0,527909.0,492350.0,535439.0,551710.0,559544.0,541888.0,544115.0,535811.0,582137.0,553833.0,560216.0,552179.0,623586.0,656439.0,678252.0,692669.0,650042.0,708004.0,728483.0,749823.0,726316.0,633084.0,660025.0,660887.0,657864.0,620426.0,641518.0,608285.0,664149.0,694294.0,684440.0,699986.0,717003.0,652575.0,641377.0
Yemen,315503.0,322719.0,332481.0,333495.0,345822.0,324749.0,326886.0,311231.0,303233.0,282541.0,349433.0,344785.0,375020.0,381995.0,435411.0,423876.0,425934.0,419226.0,453948.0,465877.0,472547.0,478272.0,434869.0,466217.0,481118.0,556510.0,547717.0,619239.0,651783.0,616737.0,566220.0,664512.0,698694.0,685900.0,699725.0,696470.0,749295.0,815320.0,813259.0,870701.0,938854.0,927617.0,988066.0,999535.0,1021169.0,1090894.0,1136084.0
Turkmenistan,0.0,0.0,0.0,0.0,0.0,0.0,0.0,0.0,0.0,0.0,0.0,0.0,0.0,0.0,0.0,0.0,0.0,0.0,0.0,0.0,0.0,0.0,0.0,0.0,0.0,0.0,0.0,0.0,0.0,0.0,0.0,1339587.0,1461447.0,1508047.0,1502369.0,952965.0,1082157.0,1176643.0,1484731.0,1576056.0,1890562.0,1889229.0,2025322.0,2192394.0,2362402.0,2094666.0,2152038.0
Albania,254771.0,274898.0,274310.0,301150.0,291325.0,329062.0,343560.0,343240.0,351221.0,366693.0,378555.0,390509.0,420207.0,428892.0,435199.0,480449.0,501183.0,524702.0,548072.0,532985.0,555893.0,573537.0,615443.0,581904.0,576715.0,583574.0,599481.0,557620.0,629160.0,602837.0,485462.0,539687.0,615519.0,656860.0,720032.0,717104.0,682452.0,706612.0,700072.0,733849.0,747971.0,755188.0,789269.0,819870.0,813707.0,858366.0,824818.0
Lithuania,0.0,0.0,0.0,0.0,0.0,0.0,0.0,0.0,0.0,0.0,0.0,0.0,0.0,0.0,0.0,0.0,0.0,0.0,0.0,0.0,0.0,0.0,0.0,0.0,0.0,0.0,0.0,0.0,0.0,0.0,0.0,1932968.0,1841339.0,1453846.0,1467009.0,1619258.0,1742819.0,1669886.0,1474839.0,1567289.0,1358657.0,1492025.0,1567307.0,1563974.0,1601364.0,1365180.0,1608198.0
Lao People's Democratic Republic,202244.0,200104.0,204087.0,267410.0,269680.0,280289.0,308143.0,301337.0,326380.0,328499.0,310135.0,305360.0,316937.0,324494.0,316833.0,296844.0,322516.0,269756.0,354356.0,377296.0,408147.0,405211.0,399804.0,454461.0,458313.0,470518.0,443561.0,417042.0,516763.0,572025.0,503067.0,578019.0,557239.0,637804.0,585730.0,581379.0,652884.0,673563.0,793402.0,933718.0,941197.0,1026015.0,986821.0,1040732.0,1083126.0,1126085.0,1219784.0
Zambia,259535.0,257901.0,255290.0,275156.0,282792.0,308719.0,310435.0,318530.0,323830.0,315323.0,366041.0,422809.0,378264.0,398445.0,474941.0,538128.0,508827.0,462908.0,406201.0,422738.0,423982.0,404115.0,427241.0,433898.0,473985.0,500957.0,494923.0,629901.0,630729.0,582431.0,614663.0,507847.0,690944.0,610368.0,544383.0,655862.0,634092.0,611668.0,735505.0,697982.0,691993.0,703327.0,803687.0,847217.0,904786.0,842692.0,831754.0
Moldova,0.0,0.0,0.0,0.0,0.0,0.0,0.0,0.0,0.0,0.0,0.0,0.0,0.0,0.0,0.0,0.0,0.0,0.0,0.0,0.0,0.0,0.0,0.0,0.0,0.0,0.0,0.0,0.0,0.0,0.0,0.0,1934646.0,2299546.0,1640877.0,1805700.0,1546429.0,1595969.0,1275663.0,1200719.0,1258199.0,1309392.0,1370703.0,1295885.0,1438692.0,1385501.0,1312903.0,1011765.0
Slovakia,0.0,0.0,0.0,0.0,0.0,0.0,0.0,0.0,0.0,0.0,0.0,0.0,0.0,0.0,0.0,0.0,0.0,0.0,0.0,0.0,0.0,0.0,0.0,0.0,0.0,0.0,0.0,0.0,0.0,0.0,0.0,0.0,1851015.0,1791289.0,1706934.0,1760835.0,1767250.0,1669377.0,1575515.0,1364822.0,1501041.0,1532796.0,1385277.0,1575309.0,1540024.0,1270233.0,1195581.0
Libyan Arab Jamahiriya,119624.0,125876.0,122273.0,116253.0,186420.0,197535.0,218050.0,230266.0,192769.0,203670.0,177456.0,274280.0,330754.0,319626.0,385918.0,418035.0,322253.0,400586.0,402839.0,458823.0,465669.0,498708.0,538530.0,512243.0,522842.0,540550.0,519755.0,538404.0,579595.0,602643.0,612128.0,600884.0,611264.0,647714.0,707132.0,740323.0,770076.0,782167.0,808769.0,759828.0,738757.0,771809.0,774880.0,774826.0,793745.0,782626.0,788950.0
Panama,248140.0,258851.0,267635.0,275827.0,289453.0,295389.0,309339.0,372413.0,394162.0,371709.0,395870.0,391647.0,397426.0,410600.0,432038.0,439161.0,466047.0,465502.0,464147.0,452152.0,468666.0,486152.0,488449.0,492569.0,499116.0,479853.0,528777.0,503451.0,525790.0,540136.0,515607.0,524858.0,533659.0,550926.0,551644.0,565290.0,575701.0,586650.0,593991.0,595333.0,607559.0,613209.0,614176.0,617071.0,641509.0,651421.0,671183.0
Azerbaijan,0.0,0.0,0.0,0.0,0.0,0.0,0.0,0.0,0.0,0.0,0.0,0.0,0.0,0.0,0.0,0.0,0.0,0.0,0.0,0.0,0.0,0.0,0.0,0.0,0.0,0.0,0.0,0.0,0.0,0.0,0.0,1525110.0,1280511.0,1134532.0,1070419.0,1111853.0,1030092.0,1070579.0,1166338.0,1308449.0,1445468.0,1505134.0,1587843.0,1624545.0,1820404.0,1804590.0,1822138.0
Kyrgyzstan,0.0,0.0,0.0,0.0,0.0,0.0,0.0,0.0,0.0,0.0,0.0,0.0,0.0,0.0,0.0,0.0,0.0,0.0,0.0,0.0,0.0,0.0,0.0,0.0,0.0,0.0,0.0,0.0,0.0,0.0,0.0,1260711.0,1181759.0,1041876.0,973819.0,1088755.0,1216438.0,1278736.0,1389570.0,1452015.0,1522862.0,1433488.0,1478857.0,1523819.0,1455147.0,1484783.0,1489677.0
Croatia,0.0,0.0,0.0,0.0,0.0,0.0,0.0,0.0,0.0,0.0,0.0,0.0,0.0,0.0,0.0,0.0,0.0,0.0,0.0,0.0,0.0,0.0,0.0,0.0,0.0,0.0,0.0,0.0,0.0,0.0,0.0,1170988.0,1203115.0,1147030.0,1179792.0,1207158.0,1245379.0,1354804.0,1320872.0,1160840.0,1305126.0,1400048.0,1093605.0,1195943.0,1144993.0,1197645.0,1158469.0
Central African Republic,202978.0,208772.0,214498.0,210143.0,220990.0,224763.0,246602.0,253858.0,265395.0,266562.0,266257.0,279407.0,285424.0,313496.0,317319.0,322753.0,323329.0,315843.0,331586.0,341366.0,347749.0,364923.0,361893.0,352802.0,346695.0,385639.0,380061.0,410015.0,414107.0,412764.0,411213.0,429237.0,432126.0,457136.0,480954.0,547866.0,544791.0,551247.0,541656.0,596083.0,611975.0,612523.0,601649.0,620178.0,622676.0,623652.0,587841.0
Jordan,288600.0,227321.0,239721.0,350766.0,325872.0,259033.0,290667.0,160181.0,172919.0,131439.0,171480.0,198841.0,135444.0,206344.0,149626.0,142008.0,161119.0,226478.0,178492.0,245389.0,234246.0,241451.0,284370.0,286342.0,349509.0,320376.0,353222.0,388918.0,340227.0,445450.0,429211.0,549105.0,508642.0,585499.0,613238.0,530100.0,549109.0,580028.0,505136.0,598472.0,538734.0,698901.0,655866.0,724813.0,759797.0,769342.0,728602.0
Togo,198648.0,202826.0,213505.0,220329.0,225843.0,228728.0,230482.0,237090.0,238786.0,252566.0,255581.0,246470.0,249218.0,247337.0,259204.0,249739.0,241844.0,259562.0,279725.0,284053.0,289814.0,279592.0,264557.0,281949.0,319541.0,333326.0,340931.0,357429.0,380752.0,389109.0,389790.0,382838.0,440748.0,447823.0,445030.0,520256.0,547155.0,544198.0,535129.0,502532.0,560480.0,559664.0,568216.0,581186.0,538485.0,554558.0,573466.0
Jamaica,248445.0,250441.0,266799.0,275464.0,285094.0,297255.0,298014.0,287636.0,274248.0,283128.0,310676.0,307461.0,289439.0,297835.0,292327.0,304427.0,301045.0,325369.0,310534.0,304808.0,302913.0,286700.0,305936.0,337577.0,312025.0,318490.0,332384.0,325928.0,304532.0,331112.0,339107.0,369564.0,381732.0,442681.0,452609.0,476887.0,447320.0,444134.0,461483.0,436397.0,454702.0,450142.0,454344.0,441411.0,425811.0,460082.0,457496.0
Puerto Rico,440939.0,435485.0,460910.0,458509.0,455391.0,455347.0,427851.0,390490.0,372524.0,377380.0,354958.0,355987.0,342138.0,338907.0,339234.0,355145.0,355006.0,368628.0,370514.0,346626.0,342251.0,325220.0,321354.0,313677.0,312703.0,327400.0,355115.0,353930.0,354690.0,336706.0,350532.0,336952.0,329474.0,313020.0,302202.0,290588.0,286106.0,294031.0,251740.0,282032.0,267478.0,254504.0,256594.0,270621.0,244721.0,248879.0,251419.0
Sierra Leone,186912.0,199157.0,203758.0,217385.0,222795.0,236460.0,236177.0,234895.0,255506.0,245122.0,246483.0,248655.0,251714.0,253205.0,271413.0,272361.0,281559.0,285467.0,270565.0,274116.0,276251.0,293346.0,285802.0,300849.0,297793.0,325200.0,318312.0,326073.0,335444.0,332693.0,333981.0,312283.0,308240.0,326116.0,304515.0,318884.0,333706.0,304111.0,266557.0,248450.0,290678.0,330926.0,359808.0,400809.0,457771.0,542448.0,490025.0
Georgia,0.0,0.0,0.0,0.0,0.0,0.0,0.0,0.0,0.0,0.0,0.0,0.0,0.0,0.0,0.0,0.0,0.0,0.0,0.0,0.0,0.0,0.0,0.0,0.0,0.0,0.0,0.0,0.0,0.0,0.0,0.0,847505.0,831660.0,848599.0,942743.0,914317.0,966788.0,875273.0,922600.0,769383.0,823203.0,794314.0,910580.0,840588.0,950146.0,569535.0,672653.0
Cyprus,170173.0,173544.0,156216.0,161877.0,215396.0,214136.0,254738.0,258668.0,291683.0,278252.0,323014.0,311651.0,253561.0,268132.0,207776.0,226502.0,230863.0,240068.0,256988.0,263361.0,267961.0,272816.0,279656.0,293465.0,291880.0,273909.0,294823.0,319383.0,340849.0,318885.0,275427.0,318492.0,340787.0,310340.0,357270.0,350307.0,320433.0,340067.0,352103.0,342342.0,342122.0,348983.0,342967.0,353527.0,315743.0,305519.0,296768.0
Namibia,229328.0,198607.0,246116.0,247169.0,242944.0,230029.0,264907.0,278430.0,273062.0,294898.0,320384.0,354897.0,368166.0,377086.0,251675.0,278131.0,264855.0,288161.0,299974.0,317536.0,325548.0,253058.0,218013.0,224801.0,241375.0,251923.0,271633.0,272543.0,293876.0,279926.0,298177.0,295654.0,304448.0,325805.0,308533.0,336597.0,217482.0,299488.0,280925.0,275855.0,294267.0,285613.0,292616.0,281445.0,291447.0,287262.0,285249.0
Tajikistan,0.0,0.0,0.0,0.0,0.0,0.0,0.0,0.0,0.0,0.0,0.0,0.0,0.0,0.0,0.0,0.0,0.0,0.0,0.0,0.0,0.0,0.0,0.0,0.0,0.0,0.0,0.0,0.0,0.0,0.0,0.0,911215.0,831095.0,790756.0,706383.0,614876.0,617648.0,591639.0,580895.0,647570.0,750682.0,854703.0,915310.0,1012165.0,1011510.0,1046730.0,1084539.0
Latvia,0.0,0.0,0.0,0.0,0.0,0.0,0.0,0.0,0.0,0.0,0.0,0.0,0.0,0.0,0.0,0.0,0.0,0.0,0.0,0.0,0.0,0.0,0.0,0.0,0.0,0.0,0.0,0.0,0.0,0.0,0.0,1214011.0,1090348.0,811458.0,751311.0,713047.0,743156.0,663635.0,602084.0,613324.0,611269.0,649700.0,650045.0,657161.0,730354.0,663383.0,730773.0
Mauritania,183096.0,186955.0,191973.0,197917.0,204267.0,207823.0,212235.0,218502.0,212970.0,212975.0,207295.0,196622.0,170551.0,163956.0,169722.0,186267.0,198592.0,209310.0,212721.0,223376.0,231485.0,225012.0,215056.0,206696.0,226386.0,229572.0,235843.0,243971.0,257638.0,258877.0,263471.0,256437.0,249014.0,255020.0,267979.0,284667.0,280886.0,288670.0,294217.0,302219.0,303674.0,317295.0,321993.0,326252.0,338443.0,337330.0,338895.0
Bosnia and Herzegovina,0.0,0.0,0.0,0.0,0.0,0.0,0.0,0.0,0.0,0.0,0.0,0.0,0.0,0.0,0.0,0.0,0.0,0.0,0.0,0.0,0.0,0.0,0.0,0.0,0.0,0.0,0.0,0.0,0.0,0.0,0.0,744075.0,686481.0,600961.0,580772.0,541701.0,662562.0,733896.0,730596.0,609590.0,647619.0,680251.0,638385.0,824789.0,823950.0,852157.0,835234.0
Slovenia,0.0,0.0,0.0,0.0,0.0,0.0,0.0,0.0,0.0,0.0,0.0,0.0,0.0,0.0,0.0,0.0,0.0,0.0,0.0,0.0,0.0,0.0,0.0,0.0,0.0,0.0,0.0,0.0,0.0,0.0,0.0,511200.0,581059.0,633844.0,631544.0,673528.0,662940.0,659739.0,634712.0,631472.0,637610.0,694502.0,639905.0,682490.0,648615.0,623485.0,651158.0
United Arab Emirates,18670.0,18902.0,19449.0,20103.0,20515.0,22906.0,23578.0,25482.0,27375.0,29623.0,32080.0,30261.0,33763.0,38763.0,38009.0,35114.0,41102.0,54264.0,62592.0,73153.0,83801.0,105621.0,124296.0,115836.0,119866.0,121553.0,120915.0,141471.0,163642.0,174103.0,208935.0,257024.0,274090.0,293532.0,335848.0,364562.0,444056.0,443597.0,731927.0,1131486.0,496747.0,478470.0,451411.0,503723.0,507104.0,472264.0,480811.0
Armenia,0.0,0.0,0.0,0.0,0.0,0.0,0.0,0.0,0.0,0.0,0.0,0.0,0.0,0.0,0.0,0.0,0.0,0.0,0.0,0.0,0.0,0.0,0.0,0.0,0.0,0.0,0.0,0.0,0.0,0.0,0.0,533374.0,483702.0,533375.0,529326.0,549237.0,479533.0,518811.0,517010.0,495464.0,523121.0,537591.0,577226.0,667350.0,750337.0,780898.0,847075.0
The former Yugoslav Republic of Macedonia,0.0,0.0,0.0,0.0,0.0,0.0,0.0,0.0,0.0,0.0,0.0,0.0,0.0,0.0,0.0,0.0,0.0,0.0,0.0,0.0,0.0,0.0,0.0,0.0,0.0,0.0,0.0,0.0,0.0,0.0,0.0,634897.0,492250.0,544644.0,552532.0,553144.0,575823.0,605918.0,612686.0,609807.0,553838.0,513663.0,557683.0,622762.0,628230.0,624194.0,634589.0
Liberia,116532.0,120559.0,120274.0,123022.0,130561.0,139478.0,141257.0,147314.0,150703.0,168737.0,175175.0,177114.0,182246.0,191823.0,187024.0,195586.0,202359.0,202161.0,204088.0,209013.0,214424.0,218624.0,220709.0,231433.0,235500.0,237016.0,241740.0,245825.0,243298.0,172531.0,138932.0,151825.0,147365.0,129489.0,129156.0,153560.0,194780.0,211320.0,227270.0,238779.0,234911.0,229276.0,228770.0,235349.0,245255.0,243972.0,268294.0
Guyana,153183.0,157284.0,139516.0,163992.0,162263.0,168490.0,164554.0,152723.0,172688.0,167749.0,177405.0,160642.0,157782.0,188345.0,185665.0,169757.0,194090.0,200975.0,174668.0,181428.0,188264.0,183251.0,158865.0,166001.0,159324.0,166530.0,155648.0,149391.0,141234.0,124666.0,149062.0,166309.0,180868.0,197510.0,230624.0,241570.0,245232.0,222178.0,238007.0,233804.0,241704.0,231127.0,255224.0,254213.0,219613.0,243370.0,241413.0
Mauritius,121750.0,117751.0,142938.0,112172.0,147442.0,124319.0,146614.0,132738.0,146757.0,130490.0,136393.0,158329.0,157395.0,154558.0,118108.0,164513.0,156672.0,159550.0,162897.0,125910.0,143011.0,170289.0,145112.0,143670.0,156502.0,167166.0,170461.0,157938.0,157272.0,162702.0,163629.0,171946.0,168250.0,157674.0,168707.0,168348.0,180528.0,174834.0,135566.0,165467.0,190774.0,169715.0,179672.0,186164.0,177394.0,171584.0,166602.0
Estonia,0.0,0.0,0.0,0.0,0.0,0.0,0.0,0.0,0.0,0.0,0.0,0.0,0.0,0.0,0.0,0.0,0.0,0.0,0.0,0.0,0.0,0.0,0.0,0.0,0.0,0.0,0.0,0.0,0.0,0.0,0.0,634764.0,569267.0,491045.0,466643.0,443597.0,445061.0,424949.0,396853.0,435078.0,425812.0,404254.0,396621.0,410147.0,441136.0,417001.0,469547.0
Congo,99493.0,101746.0,102285.0,105646.0,109395.0,111210.0,118996.0,119257.0,118236.0,117989.0,122077.0,118263.0,121909.0,117848.0,120581.0,123660.0,126400.0,124417.0,128079.0,131206.0,136089.0,142018.0,141917.0,146143.0,152276.0,150104.0,153873.0,158384.0,156080.0,155554.0,151953.0,154996.0,158448.0,168000.0,176340.0,181655.0,182297.0,180747.0,192298.0,196105.0,198783.0,204841.0,209759.0,222622.0,230001.0,236883.0,240482.0
Swaziland,73505.0,75128.0,80586.0,76742.0,74515.0,86901.0,96328.0,92330.0,94892.0,107769.0,111195.0,121229.0,118202.0,128906.0,131845.0,134975.0,125730.0,145030.0,140368.0,159562.0,167919.0,161768.0,160237.0,174481.0,179341.0,191382.0,186874.0,188869.0,189416.0,195004.0,199767.0,187218.0,178906.0,179456.0,166439.0,176299.0,177750.0,172368.0,184429.0,172914.0,168184.0,184643.0,184160.0,187869.0,202013.0,192491.0,188217.0
Botswana,99628.0,100453.0,110565.0,123278.0,121555.0,125579.0,130097.0,125837.0,128252.0,138210.0,151682.0,149914.0,142117.0,146784.0,142035.0,159070.0,151393.0,124691.0,157046.0,123670.0,153945.0,160128.0,149761.0,164688.0,160154.0,157559.0,141518.0,151878.0,156216.0,166127.0,176683.0,170245.0,170625.0,159765.0,188881.0,176252.0,163566.0,157042.0,139491.0,151260.0,167303.0,159422.0,157208.0,167244.0,172351.0,169514.0,169589.0
Serbia,0.0,0.0,0.0,0.0,0.0,0.0,0.0,0.0,0.0,0.0,0.0,0.0,0.0,0.0,0.0,0.0,0.0,0.0,0.0,0.0,0.0,0.0,0.0,0.0,0.0,0.0,0.0,0.0,0.0,0.0,0.0,0.0,0.0,0.0,0.0,0.0,0.0,0.0,0.0,0.0,0.0,0.0,0.0,0.0,0.0,3555916.0,3262264.0
Gabon,81641.0,83962.0,84688.0,85779.0,87371.0,88705.0,90320.0,92926.0,93533.0,96023.0,98232.0,99569.0,101526.0,103106.0,103687.0,106947.0,115696.0,123471.0,128939.0,134590.0,130755.0,135444.0,140308.0,144407.0,145612.0,152191.0,154255.0,161484.0,163289.0,162363.0,180932.0,174970.0,170150.0,173601.0,175797.0,184810.0,189657.0,197205.0,195838.0,200940.0,196729.0,198380.0,198717.0,198427.0,198157.0,200145.0,204479.0
Fiji,84422.0,99103.0,112649.0,114998.0,104841.0,102535.0,102054.0,121142.0,115941.0,124487.0,116801.0,106544.0,111636.0,104766.0,106058.0,106846.0,121294.0,122874.0,148378.0,138156.0,150177.0,153722.0,117714.0,166144.0,141942.0,170584.0,140743.0,144931.0,169643.0,176433.0,158114.0,161517.0,160526.0,168463.0,172450.0,170211.0,162322.0,136085.0,162790.0,162366.0,150142.0,157537.0,147542.0,153884.0,159145.0,160991.0,147084.0
Occupied Palestinian Territory,0.0,0.0,0.0,0.0,0.0,0.0,0.0,0.0,0.0,0.0,0.0,0.0,0.0,0.0,0.0,0.0,0.0,0.0,0.0,0.0,0.0,0.0,0.0,0.0,0.0,0.0,0.0,0.0,0.0,0.0,0.0,0.0,0.0,209450.0,220371.0,344732.0,401091.0,372155.0,441008.0,409698.0,457413.0,462469.0,474765.0,440750.0,485216.0,487351.0,501531.0
Singapore,89895.0,89727.0,89224.0,90677.0,96769.0,100626.0,102155.0,110725.0,138679.0,137525.0,158176.0,180850.0,179881.0,183729.0,204419.0,222944.0,226000.0,222901.0,225206.0,232270.0,220351.0,212193.0,212752.0,208484.0,176899.0,160170.0,141560.0,107359.0,105656.0,102965.0,86499.0,71552.0,47479.0,36178.0,35882.0,28415.0,37833.0,32226.0,34192.0,14651.0,16008.0,21627.0,24212.0,26477.0,21053.0,24094.0,34720.0
Oman,30705.0,31132.0,31462.0,31908.0,32218.0,32937.0,33551.0,34011.0,37005.0,37477.0,38422.0,40796.0,44049.0,44946.0,48063.0,51463.0,56349.0,61161.0,68089.0,77566.0,91224.0,111495.0,116418.0,116248.0,113225.0,121885.0,122894.0,126177.0,128395.0,131322.0,135003.0,141055.0,152536.0,161806.0,165110.0,165552.0,170743.0,196508.0,218363.0,208221.0,214149.0,194233.0,185189.0,224984.0,263137.0,225856.0,230045.0
Trinidad and Tobago,104370.0,97549.0,104149.0,103061.0,113334.0,111126.0,111259.0,121251.0,119528.0,124623.0,119176.0,127674.0,111926.0,112437.0,116909.0,125011.0,120164.0,110510.0,106904.0,102818.0,95637.0,105021.0,94150.0,89817.0,91573.0,90165.0,90725.0,90590.0,87254.0,96358.0,94552.0,93674.0,98123.0,97744.0,99202.0,100480.0,94518.0,84359.0,90846.0,106108.0,107572.0,130159.0,116124.0,111330.0,109226.0,109420.0,111055.0
Guinea-Bissau,78483.0,78610.0,76481.0,74837.0,66839.0,65376.0,63636.0,64068.0,62425.0,63201.0,57427.0,62512.0,61913.0,63730.0,72032.0,80094.0,74231.0,71717.0,74745.0,77139.0,85425.0,94815.0,85246.0,98794.0,99036.0,105414.0,103639.0,101711.0,110788.0,116377.0,112159.0,117603.0,122370.0,121674.0,127205.0,130194.0,139070.0,142839.0,151415.0,158014.0,163537.0,163503.0,166306.0,170671.0,179274.0,179946.0,181200.0
RÃ©union,68768.0,54067.0,58866.0,54983.0,65521.0,60664.0,63099.0,64986.0,69249.0,58628.0,54976.0,64801.0,64782.0,64022.0,63703.0,69501.0,73734.0,77396.0,78169.0,72878.0,77887.0,80790.0,72509.0,78050.0,77798.0,83692.0,89606.0,98190.0,88593.0,96939.0,106381.0,110045.0,104585.0,107606.0,111513.0,114795.0,127710.0,121147.0,132688.0,131528.0,128775.0,124384.0,131062.0,136096.0,130106.0,132209.0,124690.0
Gambia,74987.0,75698.0,78626.0,81123.0,89350.0,96200.0,88139.0,95340.0,89876.0,92310.0,98316.0,88019.0,103649.0,97470.0,94930.0,93883.0,73023.0,93019.0,58767.0,60008.0,86991.0,107448.0,84387.0,83906.0,73625.0,88348.0,91525.0,83677.0,98970.0,70681.0,79049.0,63188.0,74092.0,76496.0,73134.0,59471.0,75074.0,73303.0,105200.0,117348.0,125744.0,78358.0,98613.0,123348.0,105977.0,112128.0,81112.0
Lesotho,72080.0,73475.0,72953.0,67532.0,70677.0,74883.0,77491.0,78683.0,84390.0,82263.0,82585.0,69614.0,81219.0,96887.0,80851.0,68870.0,88667.0,87970.0,84817.0,85762.0,89798.0,89179.0,88245.0,91743.0,88489.0,86682.0,90145.0,100159.0,97893.0,99111.0,73709.0,84147.0,94537.0,102483.0,87678.0,102272.0,103154.0,91346.0,97051.0,105218.0,109591.0,105575.0,93977.0,92161.0,96144.0,71387.0,92220.0
Bhutan,41037.0,42700.0,44280.0,45421.0,46594.0,47586.0,48831.0,49989.0,51264.0,52406.0,53663.0,54840.0,55988.0,57294.0,58646.0,60026.0,61346.0,63038.0,64506.0,68209.0,72411.0,73413.0,75324.0,81837.0,78210.0,78886.0,86396.0,74980.0,76359.0,80656.0,82088.0,81139.0,83605.0,87499.0,91855.0,94239.0,95712.0,95825.0,106776.0,88505.0,90768.0,90441.0,100679.0,111877.0,145272.0,150117.0,146919.0
Suriname,31340.0,35689.0,35783.0,37926.0,44524.0,47025.0,53723.0,54875.0,54075.0,59040.0,57770.0,54249.0,62853.0,62303.0,66922.0,65797.0,70611.0,76363.0,81567.0,87208.0,94524.0,98160.0,91078.0,100930.0,103814.0,100670.0,97136.0,97971.0,99696.0,89642.0,99152.0,103926.0,94504.0,90241.0,95080.0,86209.0,85402.0,74414.0,75496.0,69833.0,76742.0,64914.0,71022.0,71841.0,72393.0,78152.0,79041.0
Iceland,67363.0,70227.0,68897.0,68510.0,72481.0,69784.0,72896.0,69392.0,68157.0,66520.0,66846.0,70735.0,74021.0,77025.0,77739.0,76183.0,77503.0,82070.0,82144.0,76114.0,76120.0,75970.0,75082.0,76281.0,77960.0,80647.0,77037.0,69081.0,65032.0,65858.0,67604.0,66696.0,63095.0,64911.0,64409.0,63495.0,64333.0,66280.0,68971.0,71641.0,71815.0,73265.0,73959.0,74602.0,74189.0,76251.0,78641.0
Martinique,69168.0,70246.0,69968.0,58525.0,74388.0,78124.0,72741.0,72258.0,71250.0,59813.0,63378.0,70884.0,64628.0,69836.0,65615.0,69715.0,75174.0,76593.0,57793.0,44228.0,57455.0,62604.0,63184.0,68804.0,67454.0,71107.0,63062.0,63660.0,66159.0,67503.0,64243.0,67151.0,63499.0,57022.0,62350.0,74097.0,77811.0,73522.0,78365.0,78853.0,73245.0,78412.0,75189.0,75567.0,76844.0,76516.0,76630.0
Kuwait,12130.0,12375.0,13873.0,12048.0,14953.0,15890.0,13858.0,13808.0,19647.0,22055.0,23283.0,23540.0,24364.0,26708.0,25797.0,29331.0,32239.0,35508.0,46266.0,52091.0,46452.0,40796.0,54368.0,66017.0,81958.0,91774.0,99192.0,101739.0,100555.0,75718.0,8921.0,27427.0,50793.0,68790.0,78586.0,89781.0,96550.0,108267.0,116287.0,119395.0,137517.0,126261.0,141327.0,144408.0,150276.0,152919.0,153849.0
Guadeloupe,77672.0,77636.0,75961.0,77647.0,75954.0,80299.0,73296.0,69023.0,77858.0,76824.0,79381.0,67811.0,73122.0,71379.0,66882.0,66779.0,61101.0,67409.0,60790.0,54567.0,56685.0,63982.0,58702.0,59682.0,58204.0,63192.0,62921.0,67671.0,57875.0,44919.0,54302.0,55486.0,59376.0,51655.0,41264.0,45877.0,56114.0,48568.0,59161.0,58082.0,58023.0,56803.0,56690.0,55791.0,51936.0,47166.0,46620.0
Belize,17661.0,15120.0,16490.0,19877.0,21101.0,24097.0,26284.0,29346.0,27506.0,29302.0,32115.0,33575.0,36027.0,38721.0,35655.0,34518.0,40513.0,45403.0,41635.0,48972.0,49231.0,52220.0,48835.0,50085.0,49448.0,51559.0,58641.0,55799.0,56191.0,65468.0,63716.0,78179.0,87714.0,77193.0,86504.0,96270.0,100395.0,96514.0,104591.0,117359.0,120470.0,111564.0,113547.0,129611.0,129671.0,127401.0,126791.0
Timor-Leste,32059.0,32363.0,32807.0,32310.0,33431.0,34980.0,38929.0,35929.0,39585.0,40560.0,41589.0,43217.0,45714.0,45350.0,44070.0,43961.0,45933.0,45335.0,44798.0,45012.0,45089.0,45365.0,46405.0,49723.0,49836.0,50013.0,50559.0,50045.0,51078.0,56341.0,65243.0,64947.0,71178.0,70275.0,70433.0,67198.0,67590.0,60768.0,59850.0,64856.0,65952.0,70945.0,70222.0,73930.0,76553.0,75386.0,68672.0
Malta,28688.0,27868.0,29600.0,29595.0,30948.0,28809.0,30734.0,34438.0,37525.0,35486.0,38155.0,39246.0,40377.0,40108.0,40925.0,43522.0,46326.0,44012.0,42800.0,42351.0,40772.0,40657.0,44165.0,44115.0,46161.0,47395.0,48081.0,48986.0,50419.0,50125.0,51035.0,52587.0,53350.0,56388.0,57927.0,69734.0,66018.0,72244.0,71815.0,69677.0,68964.0,68595.0,67693.0,65611.0,63134.0,66179.0,64619.0
Solomon Islands,24807.0,25101.0,25990.0,26740.0,26952.0,26594.0,27189.0,25798.0,28488.0,31171.0,31998.0,31244.0,31958.0,32782.0,33962.0,35741.0,37261.0,39622.0,44794.0,45397.0,49771.0,49150.0,49290.0,56043.0,57896.0,56537.0,44690.0,46290.0,48316.0,48066.0,51073.0,54719.0,53825.0,54177.0,59752.0,61086.0,63521.0,65387.0,62239.0,63295.0,61321.0,61781.0,63237.0,68805.0,73398.0,72658.0,73000.0
Eritrea,0.0,0.0,0.0,0.0,0.0,0.0,0.0,0.0,0.0,0.0,0.0,0.0,0.0,0.0,0.0,0.0,0.0,0.0,0.0,0.0,0.0,0.0,0.0,0.0,0.0,0.0,0.0,0.0,0.0,0.0,0.0,0.0,107251.0,144316.0,132335.0,125862.0,124845.0,182661.0,164531.0,138835.0,143621.0,116056.0,131620.0,130527.0,154559.0,155580.0,152777.0
Vanuatu,29225.0,29228.0,32384.0,33719.0,28990.0,32630.0,37276.0,33649.0,35416.0,33527.0,36318.0,27969.0,31266.0,38870.0,35425.0,40861.0,44360.0,46761.0,46270.0,40568.0,48264.0,42809.0,46362.0,51479.0,47478.0,49380.0,50144.0,46176.0,41098.0,53478.0,45957.0,44789.0,46250.0,46563.0,48017.0,48222.0,56483.0,58296.0,48924.0,46523.0,47053.0,42755.0,44733.0,51594.0,51089.0,51101.0,51972.0
Barbados,38949.0,40519.0,45866.0,41584.0,46247.0,42526.0,48710.0,39964.0,38138.0,43314.0,39777.0,36647.0,36144.0,34676.0,33265.0,35172.0,39252.0,38531.0,42067.0,46506.0,41776.0,39472.0,36314.0,37918.0,36264.0,40088.0,37740.0,38098.0,38605.0,39389.0,38713.0,34482.0,32328.0,33280.0,35311.0,40121.0,37801.0,35443.0,36763.0,36111.0,32816.0,32493.0,32712.0,35670.0,38004.0,38219.0,40306.0
Samoa,26742.0,28757.0,30043.0,31694.0,27575.0,26449.0,24153.0,27768.0,30492.0,27145.0,32389.0,30637.0,29679.0,31699.0,31012.0,30540.0,32519.0,30126.0,34944.0,36284.0,34445.0,39576.0,36362.0,34757.0,36890.0,37315.0,35814.0,34591.0,33333.0,30108.0,25638.0,21968.0,25234.0,25086.0,27457.0,29870.0,31026.0,30888.0,29539.0,30572.0,31023.0,31624.0,31795.0,31891.0,32321.0,32503.0,32379.0
Comoros,18693.0,18812.0,19815.0,20422.0,20842.0,21790.0,21807.0,22244.0,22950.0,22850.0,23244.0,23117.0,24453.0,25206.0,24780.0,25323.0,25795.0,26418.0,26377.0,26837.0,24883.0,26202.0,27115.0,25829.0,26678.0,27703.0,29707.0,30441.0,30971.0,33064.0,33963.0,34532.0,35911.0,36666.0,36821.0,38011.0,37643.0,39325.0,40194.0,41166.0,42001.0,41718.0,42925.0,43048.0,40768.0,42080.0,43533.0
Luxembourg,0.0,0.0,0.0,0.0,0.0,0.0,0.0,0.0,0.0,0.0,0.0,0.0,0.0,0.0,0.0,0.0,0.0,0.0,0.0,0.0,0.0,0.0,0.0,0.0,0.0,0.0,0.0,0.0,0.0,0.0,0.0,0.0,0.0,0.0,0.0,0.0,0.0,0.0,0.0,211633.0,170659.0,196913.0,184969.0,183915.0,174430.0,111923.0,111485.0
Equatorial Guinea,34500.0,39709.0,39987.0,43166.0,42229.0,44301.0,42655.0,45234.0,37529.0,42999.0,32742.0,22835.0,23748.0,24184.0,20608.0,17606.0,17193.0,17726.0,18229.0,19978.0,22209.0,20417.0,20725.0,21747.0,21459.0,21942.0,23742.0,23724.0,22493.0,30302.0,29823.0,28615.0,27779.0,27751.0,28313.0,29240.0,29427.0,28781.0,29477.0,30393.0,29779.0,28248.0,28565.0,28192.0,28192.0,28601.0,28601.0
Saint Lucia,23108.0,24780.0,25063.0,26148.0,29924.0,29707.0,29594.0,29429.0,29017.0,24537.0,24499.0,24815.0,23599.0,25463.0,22408.0,24148.0,23306.0,25965.0,25419.0,23095.0,22901.0,23690.0,25382.0,27605.0,30347.0,35757.0,31824.0,39294.0,36180.0,38968.0,33844.0,38265.0,38608.0,32204.0,36141.0,34227.0,31022.0,26722.0,21630.0,18977.0,16688.0,19415.0,16872.0,17332.0,15329.0,16208.0,17386.0
Djibouti,5070.0,5199.0,5362.0,5483.0,5601.0,6098.0,6385.0,6887.0,7437.0,7738.0,8113.0,8582.0,8655.0,9299.0,9472.0,10779.0,10602.0,11209.0,14860.0,19406.0,19174.0,19450.0,22492.0,24700.0,28942.0,31343.0,32217.0,33536.0,40720.0,39492.0,29476.0,31013.0,29160.0,31114.0,31991.0,30344.0,31763.0,32446.0,32635.0,35710.0,36455.0,40857.0,40091.0,39755.0,40365.0,53934.0,53737.0
Tonga,25489.0,23174.0,24715.0,24299.0,24810.0,27453.0,28362.0,26344.0,27088.0,24296.0,25157.0,27488.0,25855.0,27840.0,29777.0,29481.0,28184.0,24788.0,24726.0,26889.0,26165.0,20820.0,20846.0,21185.0,20792.0,22670.0,20190.0,18774.0,18902.0,18720.0,19077.0,18445.0,24185.0,20198.0,17827.0,18209.0,18385.0,17747.0,18322.0,18734.0,18488.0,19085.0,19012.0,18992.0,19010.0,19343.0,19371.0
Dominica,12810.0,12329.0,12370.0,14470.0,16228.0,15802.0,15691.0,16904.0,17635.0,15513.0,14971.0,14939.0,14156.0,15324.0,16136.0,18415.0,18635.0,20312.0,15579.0,13892.0,17085.0,18009.0,17984.0,18597.0,19826.0,23595.0,25829.0,29275.0,26258.0,25361.0,24682.0,24174.0,24774.0,21909.0,19983.0,23593.0,23398.0,21893.0,21624.0,21641.0,20072.0,19940.0,18549.0,18800.0,18505.0,20852.0,21326.0
French Polynesia,19662.0,22214.0,21388.0,20679.0,18833.0,18769.0,17507.0,16957.0,21780.0,20861.0,19507.0,17976.0,15194.0,14234.0,20234.0,18722.0,16501.0,15541.0,16580.0,19925.0,17738.0,19367.0,14232.0,13025.0,16895.0,16954.0,17115.0,15704.0,15992.0,17452.0,15982.0,15713.0,15743.0,15762.0,16807.0,16392.0,16119.0,13445.0,14837.0,16059.0,16001.0,17100.0,17040.0,16822.0,18440.0,17399.0,17364.0
Cape Verde,10914.0,11511.0,11891.0,12522.0,13463.0,13869.0,13914.0,11162.0,10900.0,9549.0,8766.0,8380.0,8320.0,8245.0,8525.0,9282.0,9364.0,10234.0,11274.0,13288.0,11137.0,11768.0,10312.0,11715.0,12396.0,15691.0,21302.0,21907.0,22350.0,21409.0,17877.0,21424.0,23171.0,20151.0,23505.0,22638.0,22903.0,25094.0,29957.0,27674.0,28219.0,26778.0,27546.0,28455.0,29126.0,31063.0,33501.0
New Caledonia,16888.0,16967.0,17361.0,18295.0,18558.0,18178.0,17025.0,17694.0,16996.0,16058.0,17258.0,18124.0,17808.0,14726.0,15758.0,14299.0,14915.0,14737.0,15076.0,16398.0,15140.0,15219.0,15997.0,15788.0,17545.0,16801.0,15410.0,15063.0,15080.0,15954.0,16183.0,17021.0,17746.0,18500.0,17934.0,19141.0,19087.0,19314.0,19552.0,19325.0,19048.0,18941.0,19058.0,19888.0,19065.0,18548.0,19393.0
Qatar,3475.0,4026.0,4401.0,4757.0,5118.0,5547.0,6030.0,6669.0,7187.0,7289.0,8001.0,8243.0,3597.0,3760.0,3629.0,3538.0,8107.0,8926.0,10226.0,9247.0,10525.0,10953.0,11449.0,12651.0,13412.0,14742.0,15453.0,16763.0,20816.0,22539.0,26660.0,29541.0,29259.0,30069.0,34131.0,33790.0,34255.0,32282.0,34835.0,37406.0,30465.0,36663.0,30813.0,32543.0,21589.0,23406.0,27333.0
Bahrain,7649.0,7705.0,7792.0,7772.0,8092.0,7845.0,7997.0,7808.0,8146.0,8354.0,8224.0,8670.0,9010.0,9702.0,14683.0,18165.0,22083.0,22987.0,24272.0,26362.0,14028.0,15540.0,14322.0,16260.0,18761.0,16966.0,19699.0,17257.0,18313.0,14832.0,15710.0,17646.0,17303.0,18229.0,18928.0,18478.0,18201.0,18080.0,17893.0,19007.0,22857.0,25908.0,23306.0,21918.0,23523.0,22361.0,21960.0
Saint Vincent and Grenadines,13593.0,13985.0,13442.0,14095.0,13185.0,13178.0,12160.0,12413.0,12554.0,12125.0,13025.0,12433.0,12858.0,11996.0,12438.0,13274.0,12970.0,15155.0,15153.0,14307.0,15005.0,15192.0,15998.0,19456.0,22502.0,22109.0,18041.0,24294.0,21437.0,22690.0,20459.0,23072.0,20417.0,14333.0,17432.0,16639.0,14497.0,15151.0,14572.0,15024.0,15473.0,16009.0,16439.0,15928.0,16663.0,16864.0,17262.0
Grenada,11834.0,12680.0,13371.0,12910.0,15350.0,15431.0,16400.0,16967.0,17126.0,16777.0,15478.0,14680.0,14245.0,13834.0,13826.0,15466.0,15193.0,15594.0,16255.0,15043.0,16298.0,14509.0,13721.0,15031.0,13716.0,14317.0,15620.0,13792.0,13651.0,14054.0,13548.0,13476.0,14163.0,14561.0,13749.0,13396.0,13223.0,12642.0,13140.0,13127.0,12166.0,13776.0,12491.0,12968.0,9457.0,11873.0,12481.0
Bahamas,7088.0,7348.0,7743.0,8093.0,8574.0,9285.0,9684.0,9760.0,9148.0,9420.0,9263.0,10028.0,13461.0,14224.0,14079.0,15982.0,13386.0,12230.0,11517.0,11466.0,13660.0,12835.0,12370.0,13005.0,13009.0,12483.0,13413.0,13642.0,14515.0,14476.0,12972.0,13088.0,13131.0,12700.0,16623.0,19230.0,17961.0,22515.0,23091.0,17288.0,17985.0,17813.0,19544.0,20427.0,20724.0,19339.0,19539.0
Sao Tome and Principe,14715.0,15493.0,13265.0,15915.0,14921.0,15449.0,15501.0,14903.0,13898.0,13898.0,15010.0,14620.0,15328.0,14536.0,12001.0,11466.0,11356.0,11718.0,12894.0,10478.0,11107.0,10724.0,10718.0,9363.0,9876.0,10304.0,9982.0,10557.0,9491.0,8813.0,9172.0,11527.0,11798.0,12445.0,11682.0,12968.0,14530.0,15010.0,15564.0,15982.0,16405.0,16671.0,17389.0,16887.0,17713.0,17850.0,18320.0
Kiribati,8037.0,7436.0,6766.0,7276.0,9473.0,9185.0,10453.0,7776.0,7927.0,8347.0,9551.0,7262.0,9462.0,11472.0,7037.0,9167.0,9286.0,10761.0,9875.0,9027.0,11325.0,10535.0,8765.0,12681.0,12780.0,13705.0,14617.0,15624.0,10998.0,9041.0,10932.0,11164.0,11164.0,11278.0,11278.0,13130.0,13130.0,13732.0,13906.0,13077.0,13283.0,13497.0,13560.0,16716.0,16757.0,16550.0,16961.0
Brunei Darussalam,4876.0,5712.0,5162.0,4708.0,4140.0,4386.0,4727.0,4924.0,5584.0,5826.0,5726.0,5178.0,6088.0,7836.0,7502.0,7244.0,6932.0,6526.0,7015.0,8093.0,8557.0,9245.0,9719.0,9693.0,12146.0,10463.0,7973.0,7066.0,7846.0,6841.0,7705.0,10299.0,10499.0,11243.0,11646.0,10280.0,12961.0,15007.0,18609.0,21324.0,24498.0,22990.0,22916.0,26794.0,22398.0,26936.0,29680.0
Pacific Is,10744.0,10970.0,11459.0,11393.0,11134.0,11414.0,10798.0,9515.0,11921.0,15307.0,15622.0,15800.0,13479.0,13587.0,16287.0,14356.0,18999.0,23278.0,23640.0,21294.0,19489.0,16402.0,17087.0,18024.0,19927.0,20005.0,20030.0,16461.0,16427.0,16462.0,0.0,0.0,0.0,0.0,0.0,0.0,0.0,0.0,0.0,0.0,0.0,0.0,0.0,0.0,0.0,0.0,0.0
French Guiana,3249.0,3648.0,3234.0,2634.0,2753.0,2667.0,2598.0,2688.0,2449.0,2797.0,3593.0,3579.0,3032.0,3050.0,3161.0,2748.0,3203.0,3919.0,4121.0,4036.0,4171.0,4759.0,6438.0,6990.0,8112.0,9192.0,8932.0,10198.0,12060.0,13362.0,15274.0,13627.0,15795.0,17745.0,18106.0,19870.0,18901.0,18248.0,17261.0,16934.0,19072.0,17155.0,17259.0,17629.0,16095.0,15517.0,14191.0
Maldives,4108.0,4275.0,4442.0,4605.0,4736.0,5203.0,5337.0,5439.0,5505.0,5766.0,6000.0,5807.0,6112.0,6179.0,6951.0,6594.0,7056.0,6823.0,6636.0,7290.0,7398.0,7712.0,8231.0,8440.0,8608.0,8722.0,8496.0,8628.0,8256.0,8770.0,8762.0,9058.0,9640.0,10255.0,10355.0,10533.0,11204.0,11411.0,11524.0,11830.0,10814.0,10622.0,11766.0,12946.0,8906.0,12482.0,5806.0
Saint Kitts and Nevis,10359.0,9834.0,9001.0,9567.0,8846.0,9056.0,8488.0,8290.0,6660.0,8423.0,7312.0,6738.0,6056.0,6209.0,6251.0,8544.0,9134.0,9359.0,9806.0,9212.0,8972.0,9143.0,7634.0,7974.0,7345.0,7212.0,7184.0,7394.0,6899.0,5182.0,5835.0,7501.0,6201.0,5506.0,5518.0,6021.0,8187.0,6812.0,5784.0,5632.0,5626.0,5524.0,5607.0,7048.0,3634.0,3262.0,3488.0
Falkland Islands,5794.0,6177.0,6024.0,5948.0,6028.0,5877.0,5802.0,5877.0,5877.0,5957.0,5956.0,5882.0,5558.0,5577.0,6200.0,6622.0,5939.0,6122.0,6221.0,6810.0,6516.0,6389.0,6597.0,6551.0,6519.0,6669.0,6303.0,6386.0,6871.0,7141.0,7073.0,7475.0,6979.0,7340.0,7011.0,5791.0,6410.0,6291.0,6173.0,6232.0,6143.0,7597.0,6149.0,6149.0,6149.0,6165.0,6403.0
Seychelles,5629.0,6017.0,5582.0,6672.0,6078.0,7064.0,8786.0,9659.0,6316.0,6005.0,5531.0,6962.0,6390.0,6173.0,5583.0,5623.0,5103.0,4705.0,5170.0,5543.0,5461.0,5432.0,6216.0,4981.0,5968.0,6472.0,4901.0,4387.0,4885.0,4751.0,5064.0,4452.0,4658.0,5623.0,6578.0,6312.0,6917.0,6273.0,6207.0,6176.0,6108.0,6054.0,6279.0,5914.0,5888.0,5949.0,6033.0
Montenegro,0.0,0.0,0.0,0.0,0.0,0.0,0.0,0.0,0.0,0.0,0.0,0.0,0.0,0.0,0.0,0.0,0.0,0.0,0.0,0.0,0.0,0.0,0.0,0.0,0.0,0.0,0.0,0.0,0.0,0.0,0.0,0.0,0.0,0.0,0.0,0.0,0.0,0.0,0.0,0.0,0.0,0.0,0.0,0.0,0.0,136801.0,127226.0
Guam,2185.0,2323.0,2452.0,2244.0,2589.0,2743.0,3072.0,3355.0,3633.0,3856.0,3848.0,4125.0,4361.0,4566.0,4991.0,4154.0,4711.0,5476.0,5465.0,4958.0,5435.0,5181.0,5110.0,5231.0,5276.0,5566.0,5720.0,6096.0,5146.0,5167.0,5655.0,5762.0,5885.0,5887.0,5887.0,6825.0,6826.0,6826.0,6827.0,6827.0,6839.0,7097.0,7084.0,7308.0,7308.0,7402.0,7439.0
Antigua and Barbuda,6124.0,6084.0,7569.0,7789.0,5154.0,4155.0,3418.0,2646.0,3397.0,3529.0,5897.0,3160.0,3022.0,2801.0,2742.0,2829.0,2995.0,3656.0,4037.0,4591.0,4593.0,4457.0,4386.0,4224.0,5097.0,5127.0,5230.0,5365.0,4661.0,4954.0,5149.0,5266.0,5283.0,5298.0,5072.0,4956.0,5004.0,4978.0,4989.0,5035.0,5212.0,5332.0,5439.0,5535.0,5255.0,5354.0,5470.0
Cook Islands,4821.0,4717.0,5044.0,5141.0,5493.0,5909.0,5466.0,5833.0,6097.0,6104.0,6058.0,5761.0,7192.0,6830.0,6217.0,6414.0,5999.0,5743.0,5843.0,5656.0,6077.0,5617.0,4911.0,5047.0,4963.0,4548.0,4012.0,4262.0,3857.0,3637.0,3460.0,3209.0,3194.0,2716.0,2706.0,2838.0,3183.0,3600.0,3297.0,3286.0,3044.0,2568.0,1950.0,1663.0,1660.0,1665.0,2050.0
Western Sahara,1511.0,886.0,870.0,884.0,742.0,1305.0,1643.0,2238.0,2818.0,3107.0,3202.0,3394.0,3190.0,3228.0,3381.0,3550.0,3670.0,3820.0,3910.0,3924.0,4026.0,4028.0,4130.0,4209.0,4313.0,4394.0,4471.0,4569.0,4639.0,4719.0,4798.0,4830.0,4896.0,4948.0,5014.0,5069.0,5137.0,5192.0,5264.0,5269.0,5290.0,5290.0,5323.0,5313.0,5313.0,5154.0,5164.0
Liechtenstein,1507.0,1594.0,1535.0,1481.0,1557.0,1568.0,1667.0,1697.0,1657.0,1684.0,1548.0,1556.0,1523.0,1585.0,1713.0,1821.0,1937.0,2000.0,2242.0,2433.0,2491.0,2677.0,2868.0,3206.0,3435.0,3621.0,3605.0,3495.0,3610.0,3559.0,3556.0,3487.0,3260.0,3260.0,3260.0,3260.0,3260.0,3260.0,3260.0,3260.0,3260.0,3260.0,3260.0,3260.0,3260.0,3284.0,3151.0
US Virgin Islands,3821.0,4143.0,4008.0,5766.0,4600.0,1370.0,1965.0,2514.0,2752.0,2569.0,2376.0,2158.0,2322.0,2202.0,2275.0,2306.0,2407.0,2513.0,2501.0,2536.0,2564.0,2618.0,2625.0,2623.0,2495.0,2535.0,1626.0,1961.0,1970.0,1768.0,1918.0,1959.0,1961.0,1961.0,1961.0,1961.0,1961.0,1961.0,1961.0,1961.0,1961.0,1948.0,1948.0,1948.0,1948.0,1948.0,1981.0
Wallis and Futuna Islands,1870.0,1876.0,1880.0,1889.0,1898.0,1906.0,2024.0,2029.0,2052.0,2065.0,2086.0,2094.0,2106.0,2119.0,2137.0,2152.0,2157.0,2469.0,2476.0,2460.0,2458.0,2482.0,2424.0,2413.0,2369.0,2372.0,2413.0,2453.0,2471.0,2466.0,2460.0,2468.0,2503.0,2504.0,2504.0,2504.0,2504.0,2504.0,2504.0,2504.0,2504.0,2504.0,2504.0,2503.0,2501.0,2550.0,2606.0
"Micronesia, Federated States of",0.0,0.0,0.0,0.0,0.0,0.0,0.0,0.0,0.0,0.0,0.0,0.0,0.0,0.0,0.0,0.0,0.0,0.0,0.0,0.0,0.0,0.0,0.0,0.0,0.0,0.0,0.0,0.0,0.0,0.0,0.0,0.0,0.0,0.0,7522.0,7522.0,7522.0,7522.0,7522.0,7522.0,7522.0,7522.0,7522.0,7522.0,7522.0,7519.0,7761.0
Montserrat,1253.0,1320.0,1309.0,1319.0,1358.0,1305.0,1453.0,1530.0,1365.0,1455.0,1545.0,1499.0,1493.0,1610.0,1662.0,1678.0,1673.0,1694.0,1727.0,1813.0,1964.0,2115.0,2067.0,2093.0,2139.0,2157.0,2209.0,2270.0,2317.0,2363.0,2425.0,2495.0,2544.0,2600.0,2603.0,2603.0,2603.0,2603.0,2631.0,2631.0,2630.0,2631.0,2631.0,2630.0,2628.0,2623.0,2660.0
Bermuda,2086.0,2127.0,2318.0,2496.0,2409.0,2594.0,2566.0,2373.0,2024.0,2237.0,1996.0,1598.0,1455.0,1363.0,1379.0,1391.0,1323.0,1354.0,1432.0,1495.0,1537.0,1588.0,1618.0,1555.0,1579.0,1531.0,1604.0,1675.0,1818.0,1890.0,1832.0,1804.0,1731.0,1641.0,1610.0,1499.0,1547.0,1589.0,1617.0,1632.0,1705.0,1628.0,1629.0,1561.0,1535.0,1539.0,1590.0
American Samoa,1750.0,1785.0,2000.0,2005.0,2057.0,2104.0,1941.0,1875.0,1921.0,1850.0,1702.0,1675.0,1653.0,1614.0,1591.0,1532.0,1507.0,1451.0,1286.0,1382.0,1385.0,1400.0,1378.0,1336.0,1308.0,1335.0,1282.0,1288.0,1292.0,1354.0,1313.0,1272.0,1289.0,1300.0,1309.0,1309.0,1321.0,2221.0,1781.0,1872.0,2054.0,2126.0,2469.0,2365.0,2365.0,2403.0,2415.0
Netherlands Antilles,1262.0,1364.0,1359.0,1426.0,1349.0,1318.0,1283.0,1590.0,1400.0,1413.0,1406.0,1531.0,1714.0,1880.0,1566.0,1515.0,1699.0,1724.0,1799.0,1872.0,1798.0,1755.0,1792.0,1860.0,1338.0,1337.0,1070.0,1047.0,1065.0,1051.0,1124.0,1178.0,1381.0,1406.0,1539.0,1247.0,1213.0,1236.0,1167.0,1186.0,1204.0,1229.0,1219.0,1225.0,1230.0,1244.0,1286.0
Faroe Islands,251.0,239.0,269.0,221.0,207.0,1359.0,1307.0,1313.0,1245.0,1183.0,1252.0,1287.0,1266.0,1307.0,1302.0,1352.0,1332.0,1005.0,1280.0,1292.0,1292.0,1292.0,1232.0,1305.0,1318.0,1328.0,1353.0,1358.0,1359.0,1367.0,1384.0,1395.0,1407.0,1406.0,1407.0,1399.0,1407.0,1407.0,1405.0,1407.0,1407.0,1407.0,1407.0,1407.0,1407.0,1407.0,1395.0
Niue,498.0,571.0,719.0,856.0,760.0,724.0,713.0,746.0,716.0,897.0,910.0,825.0,903.0,1049.0,967.0,864.0,969.0,965.0,1027.0,1025.0,1071.0,1008.0,1049.0,976.0,972.0,979.0,986.0,1008.0,1006.0,615.0,724.0,759.0,782.0,784.0,784.0,830.0,830.0,830.0,830.0,830.0,839.0,836.0,836.0,836.0,842.0,842.0,881.0
Marshall Islands,0.0,0.0,0.0,0.0,0.0,0.0,0.0,0.0,0.0,0.0,0.0,0.0,0.0,0.0,0.0,0.0,0.0,0.0,0.0,0.0,0.0,0.0,0.0,0.0,0.0,0.0,0.0,0.0,0.0,0.0,2080.0,2894.0,2261.0,2396.0,3798.0,3210.0,2984.0,2125.0,1673.0,419.0,369.0,1287.0,2980.0,1844.0,1844.0,1890.0,2487.0
Greenland,430.0,513.0,458.0,665.0,548.0,765.0,721.0,315.0,532.0,517.0,621.0,296.0,415.0,285.0,351.0,112.0,340.0,430.0,618.0,686.0,800.0,888.0,745.0,785.0,755.0,757.0,767.0,767.0,777.0,777.0,777.0,826.0,830.0,830.0,830.0,830.0,830.0,830.0,830.0,830.0,830.0,827.0,827.0,825.0,825.0,825.0,825.0
British Virgin Islands,717.0,708.0,598.0,403.0,409.0,543.0,414.0,457.0,371.0,359.0,386.0,391.0,399.0,422.0,427.0,448.0,456.0,452.0,456.0,470.0,477.0,489.0,489.0,509.0,522.0,537.0,537.0,552.0,526.0,486.0,528.0,548.0,565.0,565.0,535.0,565.0,565.0,565.0,565.0,565.0,565.0,565.0,566.0,566.0,567.0,570.0,570.0
Tuvalu,473.0,474.0,476.0,513.0,514.0,515.0,467.0,438.0,400.0,367.0,483.0,245.0,229.0,561.0,269.0,220.0,312.0,599.0,623.0,602.0,604.0,404.0,421.0,448.0,471.0,435.0,391.0,369.0,387.0,359.0,554.0,592.0,430.0,414.0,415.0,434.0,457.0,466.0,480.0,482.0,500.0,511.0,528.0,541.0,541.0,541.0,558.0
Nauru,184.0,184.0,185.0,191.0,212.0,213.0,218.0,219.0,233.0,238.0,244.0,246.0,254.0,264.0,276.0,188.0,235.0,252.0,268.0,286.0,308.0,317.0,311.0,281.0,297.0,306.0,315.0,323.0,324.0,331.0,337.0,343.0,349.0,349.0,349.0,349.0,349.0,349.0,349.0,349.0,349.0,349.0,349.0,349.0,349.0,349.0,379.0
Tokelau,170.0,220.0,112.0,281.0,256.0,205.0,184.0,198.0,198.0,202.0,207.0,195.0,201.0,302.0,331.0,193.0,148.0,133.0,180.0,199.0,218.0,241.0,251.0,251.0,261.0,271.0,290.0,299.0,309.0,319.0,328.0,337.0,346.0,346.0,346.0,346.0,346.0,346.0,346.0,346.0,346.0,346.0,346.0,346.0,346.0,346.0,346.0
Cayman Islands,0.0,0.0,0.0,0.0,0.0,200.0,202.0,202.0,206.0,207.0,208.0,209.0,210.0,205.0,211.0,213.0,215.0,212.0,217.0,230.0,220.0,227.0,256.0,203.0,205.0,165.0,192.0,139.0,196.0,121.0,106.0,131.0,125.0,125.0,125.0,125.0,125.0,125.0,125.0,125.0,125.0,125.0,125.0,125.0,125.0,127.0,129.0
Saint Pierre and Miquelon,0.0,0.0,0.0,0.0,0.0,0.0,0.0,0.0,0.0,27.0,10.0,16.0,0.0,5.0,0.0,2.0,0.0,1.0,1.0,1.0,0.0,0.0,1.0,1.0,9.0,12.0,14.0,17.0,17.0,21.0,21.0,22.0,19.0,19.0,19.0,21.0,21.0,21.0,21.0,25.0,26.0,28.0,25.0,26.0,24.0,26.0,23.0
